﻿{
  "data": [
    {
      "id": "1",
      "srcip": "59.166.0.2",
      "dstip": "149.171.126.6",
      "srcport": "1390",
      "dstport": "32119",
      "proto": "udp"
    },
    {
      "id": "2",
      "srcip": "10.40.182.3",
      "dstip": "149.171.126.5",
      "srcport": "33661",
      "dstport": "40726",
      "proto": "udp"
    },
    {
      "id": "3",
      "srcip": "175.45.176.2",
      "dstip": "149.171.126.8",
      "srcport": "12660",
      "dstport": "8989",
      "proto": "udp"
    },
    {
      "id": "4",
      "srcip": "59.166.0.8",
      "dstip": "149.171.126.1",
      "srcport": "1416",
      "dstport": "25865",
      "proto": "tcp"
    },
    {
      "id": "5",
      "srcip": "59.166.0.0",
      "dstip": "149.171.126.6",
      "srcport": "1390",
      "dstport": "32119",
      "proto": "udp"
    },
    {
      "id": "6",
      "srcip": "10.40.182.3",
      "dstip": "149.171.126.5",
      "srcport": "33661",
      "dstport": "40726",
      "proto": "udp"
    },
    {
      "id": "7",
      "srcip": "175.45.176.2",
      "dstip": "149.171.126.8",
      "srcport": "12660",
      "dstport": "8989",
      "proto": "udp"
    },
    {
      "id": "8",
      "srcip": "59.166.0.8",
      "dstip": "149.171.126.1",
      "srcport": "1416",
      "dstport": "25865",
      "proto": "tcp"
    },
       {
      "id": "9",
      "srcip": "59.166.0.0",
      "dstip": "149.171.126.6",
      "srcport": "1390",
      "dstport": "32119",
      "proto": "udp"
    },
    {
      "id": "10",
      "srcip": "10.40.182.3",
      "dstip": "149.171.126.5",
      "srcport": "33661",
      "dstport": "40726",
      "proto": "udp"
    },
    {
      "id": "11",
      "srcip": "175.45.176.2",
      "dstip": "149.171.126.8",
      "srcport": "12660",
      "dstport": "8989",
      "proto": "udp"
    },
    {
      "id": "12",
      "srcip": "59.166.0.8",
      "dstip": "149.171.126.1",
      "srcport": "1416",
      "dstport": "25865",
      "proto": "tcp"
    },
       {
      "id": "13",
      "srcip": "59.166.0.0",
      "dstip": "149.171.126.6",
      "srcport": "1390",
      "dstport": "32119",
      "proto": "udp"
    },
    {
      "id": "14",
      "srcip": "10.40.182.3",
      "dstip": "149.171.126.5",
      "srcport": "33661",
      "dstport": "40726",
      "proto": "udp"
    },
    {
      "id": "15",
      "srcip": "175.45.176.2",
      "dstip": "149.171.126.8",
      "srcport": "12660",
      "dstport": "8989",
      "proto": "udp"
    },
    {
      "id": "16",
      "srcip": "59.166.0.8",
      "dstip": "149.171.126.1",
      "srcport": "1416",
      "dstport": "25865",
      "proto": "tcp"
    }
  ]
}
