104.16.207.165,192.168.10.5,443,udp
104.16.28.216,192.168.10.5,80,udp
104.16.28.216,192.168.10.5,80,udp
104.17.241.25,192.168.10.16,443,udp
104.19.196.102,192.168.10.5,443,udp
104.20.10.120,192.168.10.5,443,udp
104.20.10.120,192.168.10.5,443,udp
104.20.10.120,192.168.10.5,443,udp
104.16.28.216,192.168.10.5,80,udp
104.17.241.25,192.168.10.16,443,udp
104.19.196.102,192.168.10.5,443,udp
104.20.10.120,192.168.10.5,443,udp
104.20.10.120,192.168.10.5,443,udp
104.20.10.120,192.168.10.5,443,udp
104.97.140.32,192.168.10.16,80,udp
121.29.54.141,192.168.10.25,443,udp
121.29.54.141,192.168.10.25,443,udp
121.29.54.141,192.168.10.25,443,udp
121.29.54.141,192.168.10.25,443,udp
121.29.54.141,192.168.10.25,443,udp
121.29.54.141,192.168.10.25,443,udp
121.29.54.141,192.168.10.25,443,udp
138.201.37.241,192.168.10.5,443,udp
144.76.121.178,192.168.10.5,443,udp
145.243.233.163,192.168.10.5,443,udp
151.101.0.166,192.168.10.9,443,udp
151.101.0.249,192.168.10.16,80,udp
151.101.0.249,192.168.10.9,443,udp
151.101.1.108,192.168.10.5,443,udp
151.101.1.5,192.168.10.5,443,tcp
151.101.130.2,192.168.10.5,443,udp
151.101.130.2,192.168.10.5,443,tcp
104.16.28.216,192.168.10.5,80,udp
104.17.241.25,192.168.10.16,443,udp
104.19.196.102,192.168.10.5,443,udp
104.20.10.120,192.168.10.5,443,udp
104.20.10.120,192.168.10.5,443,udp
104.20.10.120,192.168.10.5,443,udp
152.163.56.2,192.168.10.9,443,arp
152.163.66.165,192.168.10.16,80,arp
152.163.66.165,192.168.10.16,80,tcp
152.163.66.165,192.168.10.16,80,arp
169.60.66.35,192.168.10.9,443,tcp
172.217.10.238,192.168.10.8,443,tcp
172.217.10.238,192.168.10.8,443,tcp
172.217.10.238,192.168.10.9,80,tcp
172.217.10.238,192.168.10.9,80,tcp
172.217.10.238,192.168.10.9,80,tcp
172.217.10.238,192.168.10.9,80,tcp
172.217.11.1,192.168.10.14,443,tcp
172.217.11.10,192.168.10.14,443,tcp
172.217.12.138,192.168.10.5,443,tcp
104.16.28.216,192.168.10.5,80,udp
104.17.241.25,192.168.10.16,443,udp
104.19.196.102,192.168.10.5,443,udp
104.20.10.120,192.168.10.5,443,udp
104.20.10.120,192.168.10.5,443,udp
104.20.10.120,192.168.10.5,443,udp
172.217.6.206,192.168.10.17,443,tcp
172.217.7.132,192.168.10.14,443,tcp
172.217.9.232,192.168.10.16,80,tcp
173.241.254.199,192.168.10.9,443,tcp
173.241.254.199,192.168.10.9,443,tcp
185.167.164.39,192.168.10.5,443,tcp
185.54.150.17,192.168.10.5,443,tcp
185.86.137.17,192.168.10.5,443,tcp
185.86.137.17,192.168.10.5,443,tcp
185.86.137.17,192.168.10.5,443,tcp
185.86.137.17,192.168.10.5,443,tcp
185.86.137.17,192.168.10.5,443,tcp
185.86.137.17,192.168.10.5,443,tcp
192.168.10.12,192.168.10.3,27328,tcp
192.168.10.12,192.168.10.3,56447,tcp
192.168.10.12,192.168.10.50,50038,tcp
192.168.10.12,192.168.10.50,38044,tcp
192.168.10.12,192.168.10.50,38044,tcp
192.168.10.12,192.168.10.50,50038,tcp
192.168.10.12,192.168.10.50,39524,tcp
192.168.10.12,192.229.163.97,54990,tcp
192.168.10.12,79.127.127.5,40124,tcp
192.168.10.14,104.97.114.112,57700,tcp
192.168.10.14,104.97.114.112,57701,tcp
192.168.10.14,172.217.11.1,57683,tcp
192.168.10.14,172.217.11.10,57662,tcp
192.168.10.14,172.217.3.98,57681,tcp
192.168.10.14,172.217.6.200,57674,tcp
192.168.10.14,172.217.7.132,57686,tcp
192.168.10.14,192.168.10.3,62449,tcp
192.168.10.14,192.168.10.3,53279,tcp
192.168.10.14,192.168.10.3,57702,tcp
192.168.10.14,23.53.113.190,57699,tcp
192.168.10.15,192.168.10.3,51561,tcp
192.168.10.15,205.174.165.73,58019,tcp
192.168.10.16,151.101.0.175,34314,tcp
192.168.10.16,152.163.66.165,60344,tcp
192.168.10.16,152.163.66.165,60354,tcp
104.16.28.216,192.168.10.5,80,udp
104.17.241.25,192.168.10.16,443,udp
104.19.196.102,192.168.10.5,443,udp
104.20.10.120,192.168.10.5,443,udp
104.20.10.120,192.168.10.5,443,udp
104.20.10.120,192.168.10.5,443,udp
192.168.10.16,192.168.10.3,49854,tcp
192.168.10.16,192.168.10.3,2022,tcp
192.168.10.16,192.168.10.3,54866,tcp
192.168.10.16,192.168.10.3,50390,tcp
192.168.10.16,192.168.10.3,37335,tcp
192.168.10.16,192.168.10.3,57626,tcp
192.168.10.16,192.168.10.50,38354,tcp
192.168.10.16,192.168.10.50,38354,tcp
192.168.10.16,192.168.10.50,38364,tcp
192.168.10.16,192.168.10.50,38364,tcp
192.168.10.16,199.244.48.55,41936,tcp
192.168.10.16,199.244.48.55,41944,tcp
192.168.10.16,199.244.48.55,41942,tcp
192.168.10.16,199.244.48.55,41940,tcp
192.168.10.16,199.244.48.55,41938,tcp
192.168.10.16,199.244.48.55,41946,tcp
192.168.10.16,199.244.48.55,41946,tcp
192.168.10.16,199.244.48.55,41950,tcp
192.168.10.16,199.244.48.55,41948,tcp
192.168.10.16,199.244.48.55,41956,tcp
192.168.10.16,199.244.48.55,41954,tcp
192.168.10.16,199.244.48.55,41952,tcp
192.168.10.16,199.244.48.55,41958,tcp
192.168.10.16,199.244.48.55,41964,tcp
192.168.10.16,199.244.48.55,41962,tcp
192.168.10.16,199.244.48.55,41960,tcp
192.168.10.16,199.244.48.55,41970,tcp
192.168.10.16,199.244.48.55,41968,tcp
192.168.10.16,199.244.48.55,41966,tcp
192.168.10.16,199.244.48.55,41976,tcp
192.168.10.16,199.244.48.55,41974,tcp
192.168.10.16,199.244.48.55,41972,tcp
104.16.28.216,192.168.10.5,80,udp
104.17.241.25,192.168.10.16,443,udp
104.19.196.102,192.168.10.5,443,udp
104.20.10.120,192.168.10.5,443,udp
104.20.10.120,192.168.10.5,443,udp
104.20.10.120,192.168.10.5,443,udp
192.168.10.16,199.244.48.55,41986,tcp
192.168.10.16,199.244.48.55,41992,tcp
192.168.10.16,199.244.48.55,41998,tcp
192.168.10.16,199.244.48.55,41996,tcp
192.168.10.16,199.244.48.55,41994,tcp
192.168.10.16,199.244.48.55,42006,tcp
192.168.10.16,199.244.48.55,42004,tcp
192.168.10.16,199.244.48.55,42002,tcp
192.168.10.16,199.244.48.55,42000,tcp
192.168.10.16,199.244.48.55,42014,tcp
192.168.10.16,199.244.48.55,42012,tcp
192.168.10.16,199.244.48.55,42010,tcp
192.168.10.16,199.244.48.55,42008,tcp
192.168.10.16,199.244.48.55,42016,tcp
192.168.10.16,199.244.48.55,42020,tcp
192.168.10.16,199.244.48.55,42018,tcp
192.168.10.16,199.244.48.55,42026,tcp
192.168.10.16,199.244.48.55,42024,tcp
192.168.10.16,199.244.48.55,42022,tcp
192.168.10.16,199.244.48.55,42028,tcp
192.168.10.16,199.244.48.55,42036,tcp
192.168.10.16,199.244.48.55,42034,tcp
192.168.10.16,199.244.48.55,42032,tcp
192.168.10.16,199.244.48.55,42030,tcp
192.168.10.16,199.244.48.55,42042,tcp
192.168.10.16,199.244.48.55,42038,tcp
192.168.10.16,199.244.48.55,42040,tcp
192.168.10.16,199.244.48.55,42048,tcp
192.168.10.16,199.244.48.55,42046,tcp
192.168.10.16,199.244.48.55,42044,tcp
192.168.10.16,199.244.48.55,42052,tcp
192.168.10.16,199.244.48.55,42050,tcp
192.168.10.16,199.244.48.55,42056,tcp
104.16.28.216,192.168.10.5,80,udp
104.17.241.25,192.168.10.16,443,udp
104.19.196.102,192.168.10.5,443,udp
104.20.10.120,192.168.10.5,443,udp
104.20.10.120,192.168.10.5,443,udp
104.20.10.120,192.168.10.5,443,udp
192.168.10.16,199.244.48.55,42068,tcp
192.168.10.16,199.244.48.55,42064,tcp
192.168.10.16,199.244.48.55,42078,tcp
192.168.10.16,199.244.48.55,42080,tcp
192.168.10.16,199.244.48.55,42078,tcp
192.168.10.16,199.244.48.55,42074,tcp
192.168.10.16,199.244.48.55,42072,tcp
192.168.10.16,199.244.48.55,42092,tcp
192.168.10.16,199.244.48.55,42088,tcp
192.168.10.16,199.244.48.55,42090,tcp
192.168.10.16,199.244.48.55,42086,tcp
192.168.10.16,199.244.48.55,42084,tcp
192.168.10.16,199.244.48.55,42082,tcp
192.168.10.16,199.244.48.55,42098,tcp
192.168.10.16,199.244.48.55,42096,tcp
192.168.10.16,199.244.48.55,42100,tcp
192.168.10.16,199.244.48.55,42094,tcp
192.168.10.16,199.244.48.55,42106,tcp
192.168.10.16,199.244.48.55,42104,tcp
192.168.10.16,199.244.48.55,42104,tcp
192.168.10.16,199.244.48.55,42102,tcp
192.168.10.16,199.244.48.55,42108,tcp
192.168.10.16,199.244.48.55,42118,tcp
192.168.10.16,199.244.48.55,42116,tcp
192.168.10.16,199.244.48.55,42114,tcp
192.168.10.16,199.244.48.55,42112,tcp
192.168.10.16,199.244.48.55,42110,udp
104.16.28.216,192.168.10.5,80,udp
104.17.241.25,192.168.10.16,443,udp
104.19.196.102,192.168.10.5,443,udp
104.20.10.120,192.168.10.5,443,udp
104.20.10.120,192.168.10.5,443,udp
104.20.10.120,192.168.10.5,443,udp
192.168.10.16,199.244.48.55,42128,tcp
192.168.10.16,199.244.48.55,42134,udp
192.168.10.16,199.244.48.55,42132,tcp
192.168.10.16,199.244.48.55,42140,tcp
192.168.10.16,199.244.48.55,42138,tcp
192.168.10.16,199.244.48.55,42136,tcp
192.168.10.16,199.244.48.55,42146,igmp
192.168.10.16,199.244.48.55,42144,tcp
192.168.10.16,199.244.48.55,42142,tcp
192.168.10.16,199.244.48.55,42152,igmp
192.168.10.16,199.244.48.55,42150,igmp
192.168.10.16,199.244.48.55,42148,tcp
192.168.10.16,199.244.48.55,42154,igmp
192.168.10.16,199.244.48.55,42156,tcp
192.168.10.16,199.244.48.55,42160,tcp
192.168.10.16,199.244.48.55,42162,tcp
192.168.10.16,199.244.48.55,42160,tcp
192.168.10.16,199.244.48.55,42158,tcp
192.168.10.16,199.244.48.55,42164,tcp
192.168.10.16,199.244.48.55,42170,tcp
192.168.10.16,199.244.48.55,42172,tcp
192.168.10.16,199.244.48.55,42170,tcp
192.168.10.16,199.244.48.55,42168,udp
192.168.10.16,199.244.48.55,42166,tcp
192.168.10.16,199.244.48.55,42174,tcp
192.168.10.16,199.244.48.55,42176,igmp
192.168.10.16,199.244.48.55,42184,igmp
192.168.10.16,199.244.48.55,42182,tcp
192.168.10.16,199.244.48.55,42180,tcp
192.168.10.16,199.244.48.55,42178,tcp
192.168.10.16,199.244.48.55,42176,udp
192.168.10.16,199.244.48.55,42190,ospf
192.168.10.16,199.244.48.55,42194,ospf
192.168.10.16,199.244.48.55,42192,ospf
192.168.10.16,199.244.48.55,42190,ospf
192.168.10.16,199.244.48.55,42186,sctp
192.168.10.16,199.244.48.55,42200,gre
192.168.10.16,199.244.48.55,42206,gre
192.168.10.16,199.244.48.55,42198,gre
192.168.10.16,199.244.48.55,42204,gre
192.168.10.16,199.244.48.55,42196,udp
192.168.10.16,199.244.48.55,42202,tcp
192.168.10.16,199.244.48.55,42212,tcp
192.168.10.16,199.244.48.55,42210,tcp
192.168.10.16,199.244.48.55,42208,tcp
104.16.28.216,192.168.10.5,80,udp
104.17.241.25,192.168.10.16,443,udp
104.19.196.102,192.168.10.5,443,udp
104.20.10.120,192.168.10.5,443,udp
104.20.10.120,192.168.10.5,443,udp
104.20.10.120,192.168.10.5,443,udp
192.168.10.16,199.244.48.55,42232,tcp
192.168.10.16,199.244.48.55,42230,tcp
192.168.10.16,199.244.48.55,42226,udp
192.168.10.16,199.244.48.55,42236,ospf
192.168.10.16,199.244.48.55,42224,ospf
104.16.207.165,192.168.10.5,443,udp
104.16.28.216,192.168.10.5,80,udp
104.16.28.216,192.168.10.5,80,udp
104.17.241.25,192.168.10.16,443,udp
104.19.196.102,192.168.10.5,443,udp
104.20.10.120,192.168.10.5,443,udp
104.20.10.120,192.168.10.5,443,udp
104.20.10.120,192.168.10.5,443,udp
104.28.13.116,192.168.10.8,443,arp
104.97.123.193,192.168.10.5,443,arp
104.97.125.160,192.168.10.5,443,arp
104.97.125.160,192.168.10.5,443,arp
104.97.125.160,192.168.10.5,443,udp
104.97.139.37,192.168.10.5,443,udp
104.97.140.32,192.168.10.16,80,udp
121.29.54.141,192.168.10.25,443,udp
121.29.54.141,192.168.10.25,443,udp
121.29.54.141,192.168.10.25,443,udp
121.29.54.141,192.168.10.25,443,udp
121.29.54.141,192.168.10.25,443,udp
121.29.54.141,192.168.10.25,443,udp
121.29.54.141,192.168.10.25,443,udp
138.201.37.241,192.168.10.5,443,udp
144.76.121.178,192.168.10.5,443,udp
145.243.233.163,192.168.10.5,443,udp
151.101.0.166,192.168.10.9,443,udp
151.101.0.249,192.168.10.16,80,udp
151.101.0.249,192.168.10.9,443,udp
151.101.1.108,192.168.10.5,443,udp
151.101.1.5,192.168.10.5,443,tcp
151.101.130.2,192.168.10.5,443,udp
151.101.130.2,192.168.10.5,443,tcp
151.101.130.2,192.168.10.5,443,tcp
151.101.2.2,192.168.10.5,443,udp
151.101.2.2,192.168.10.5,443,tcp
151.101.44.249,192.168.10.9,443,tcp
152.163.13.4,192.168.10.9,443,tcp
152.163.13.4,192.168.10.9,443,arp
192.168.10.16,199.244.48.55,42310,tcp
192.168.10.16,199.244.48.55,42308,tcp
192.168.10.16,199.244.48.55,42306,tcp
192.168.10.16,199.244.48.55,42320,tcp
192.168.10.16,199.244.48.55,42318,tcp
192.168.10.16,199.244.48.55,42314,udp
192.168.10.16,199.244.48.55,42320,tcp
192.168.10.16,199.244.48.55,42316,tcp
192.168.10.16,199.244.48.55,42326,tcp
192.168.10.16,199.244.48.55,42324,tcp
192.168.10.16,199.244.48.55,42322,tcp
192.168.10.16,199.244.48.55,42332,tcp
192.168.10.16,199.244.48.55,42330,tcp
192.168.10.16,199.244.48.55,42328,tcp
192.168.10.16,199.244.48.55,42326,tcp
192.168.10.16,199.244.48.55,42338,tcp
192.168.10.16,199.244.48.55,42334,tcp
192.168.10.16,199.244.48.55,42336,tcp
104.16.207.165,192.168.10.5,443,udp
104.16.28.216,192.168.10.5,80,udp
104.16.28.216,192.168.10.5,80,udp
104.17.241.25,192.168.10.16,443,udp
104.19.196.102,192.168.10.5,443,udp
104.20.10.120,192.168.10.5,443,udp
104.20.10.120,192.168.10.5,443,udp
104.20.10.120,192.168.10.5,443,udp
104.28.13.116,192.168.10.8,443,arp
104.97.123.193,192.168.10.5,443,arp
104.97.125.160,192.168.10.5,443,arp
104.97.125.160,192.168.10.5,443,arp
104.97.125.160,192.168.10.5,443,udp
104.97.139.37,192.168.10.5,443,udp
104.97.140.32,192.168.10.16,80,udp
121.29.54.141,192.168.10.25,443,udp
121.29.54.141,192.168.10.25,443,udp
121.29.54.141,192.168.10.25,443,udp
121.29.54.141,192.168.10.25,443,udp
121.29.54.141,192.168.10.25,443,udp
121.29.54.141,192.168.10.25,443,udp
121.29.54.141,192.168.10.25,443,udp
138.201.37.241,192.168.10.5,443,udp
144.76.121.178,192.168.10.5,443,udp
145.243.233.163,192.168.10.5,443,udp
151.101.0.166,192.168.10.9,443,udp
151.101.0.249,192.168.10.16,80,udp
151.101.0.249,192.168.10.9,443,udp
151.101.1.108,192.168.10.5,443,udp
151.101.1.5,192.168.10.5,443,tcp
151.101.130.2,192.168.10.5,443,udp
151.101.130.2,192.168.10.5,443,tcp
151.101.130.2,192.168.10.5,443,tcp
151.101.2.2,192.168.10.5,443,udp
151.101.2.2,192.168.10.5,443,tcp
151.101.44.249,192.168.10.9,443,tcp
152.163.13.4,192.168.10.9,443,tcp
152.163.13.4,192.168.10.9,443,arp
192.168.10.16,199.244.48.55,42416,ospf
192.168.10.16,199.244.48.55,42414,ospf
192.168.10.16,199.244.48.55,42412,ospf
192.168.10.16,199.244.48.55,42410,tcp
192.168.10.16,199.244.48.55,42418,tcp
192.168.10.16,199.244.48.55,42426,tcp
192.168.10.16,199.244.48.55,42424,udp
192.168.10.16,199.244.48.55,42422,tcp
192.168.10.16,199.244.48.55,42420,tcp
192.168.10.16,199.244.48.55,42418,sctp
192.168.10.16,199.244.48.55,42434,sctp
192.168.10.16,199.244.48.55,42432,sctp
192.168.10.16,199.244.48.55,42430,sctp
192.168.10.16,199.244.48.55,42428,udp
192.168.10.16,199.244.48.55,42438,ospf
192.168.10.16,199.244.48.55,42436,ospf
192.168.10.16,199.244.48.55,42442,ospf
192.168.10.16,199.244.48.55,42440,udp
192.168.10.16,199.244.48.55,42448,tcp
192.168.10.16,199.244.48.55,42450,tcp
192.168.10.16,199.244.48.55,42446,udp
192.168.10.16,199.244.48.55,42444,udp
192.168.10.16,208.111.171.129,39342,udp
192.168.10.16,209.85.232.108,57100,udp
192.168.10.16,209.85.232.108,57100,udp
192.168.10.16,23.21.56.196,50084,tcp
192.168.10.16,23.21.56.196,50094,udp
192.168.10.16,23.21.56.196,50096,udp
192.168.10.16,34.200.14.225,45544,tcp
192.168.10.16,34.207.42.44,55786,tcp
192.168.10.16,50.16.246.177,58870,tcp
192.168.10.16,52.205.85.186,49324,tcp
192.168.10.16,52.22.202.224,41514,tcp
192.168.10.16,52.71.196.79,38682,tcp
192.168.10.16,54.186.134.8,50276,tcp
192.168.10.16,54.210.195.63,42970,tcp
192.168.10.16,54.225.210.192,44290,tcp
192.168.10.16,54.83.19.188,38054,tcp
192.168.10.16,54.86.240.237,39960,tcp
192.168.10.17,104.24.96.3,47851,ospf
192.168.10.17,129.128.12.20,123,tcp
192.168.10.17,171.66.97.126,123,tcp
192.168.10.17,174.35.74.148,51944,tcp
192.168.10.17,192.168.10.255,137,tcp
192.168.10.17,192.168.10.3,12886,udp
192.168.10.17,192.168.10.3,33063,tcp
192.168.10.17,192.168.10.3,55975,tcp
192.168.10.17,192.168.10.3,52990,tcp
192.168.10.17,192.168.10.3,46646,tcp
192.168.10.17,192.168.10.3,23203,tcp
192.168.10.17,192.168.10.3,20147,tcp
192.168.10.17,192.168.10.3,22398,tcp
192.168.10.17,192.168.10.3,41305,tcp
192.168.10.17,192.168.10.3,6937,tcp
192.168.10.17,192.168.10.3,31924,tcp
192.168.10.17,192.168.10.3,55785,tcp
192.168.10.17,192.168.10.3,57952,tcp
192.168.10.17,192.168.10.3,15468,tcp
192.168.10.17,192.168.10.3,20382,tcp
192.168.10.17,192.168.10.3,20794,tcp
192.168.10.17,192.168.10.3,35450,tcp
192.168.10.17,192.168.10.3,1945,tcp
192.168.10.17,192.168.10.3,63262,tcp
192.168.10.17,192.168.10.3,19340,tcp
192.168.10.17,192.168.10.3,25570,tcp
192.168.10.17,192.168.10.3,28280,udp
192.168.10.17,192.168.10.3,47647,tcp
192.168.10.17,192.168.10.3,14250,tcp
192.168.10.17,192.168.10.3,5151,udp
192.168.10.17,192.168.10.3,25323,tcp
192.168.10.17,192.168.10.3,56789,udp
192.168.10.17,192.168.10.3,22210,tcp
192.168.10.17,192.168.10.3,7077,tcp
192.168.10.17,192.168.10.3,48397,tcp
192.168.10.17,192.168.10.3,38595,tcp
192.168.10.17,192.168.10.3,55769,tcp
192.168.10.17,192.168.10.3,35988,tcp
192.168.10.17,192.168.10.3,52096,sctp
192.168.10.17,192.168.10.3,41329,sctp
192.168.10.17,192.168.10.3,45041,tcp
192.168.10.17,199.16.156.120,56501,tcp
192.168.10.17,199.16.156.120,56501,tcp
192.168.10.17,199.59.88.242,45228,tcp
192.168.10.17,199.59.88.242,42102,tcp
192.168.10.17,199.59.88.242,45222,tcp
192.168.10.17,199.59.88.242,42101,tcp
192.168.10.17,199.59.88.242,45231,udp
192.168.10.17,199.59.88.242,45229,udp
192.168.10.17,199.59.88.242,42105,tcp
192.168.10.17,199.59.88.242,42104,tcp
192.168.10.17,199.59.88.242,45228,udp
192.168.10.17,199.59.88.242,42101,udp
192.168.10.17,199.59.88.242,42102,udp
192.168.10.17,199.59.88.242,42104,tcp
192.168.10.17,199.59.88.242,42105,tcp
192.168.10.17,199.59.88.242,45231,tcp
192.168.10.17,199.59.88.242,45229,tcp
192.168.10.17,199.59.88.242,45222,tcp
192.168.10.17,209.85.232.108,33856,tcp
192.168.10.17,209.85.232.108,33856,ggp
192.168.10.17,31.13.66.36,51895,ggp
192.168.10.17,31.13.71.14,42170,ggp
192.168.10.17,31.13.71.14,42170,ip
192.168.10.17,31.13.71.7,57762,ip
192.168.10.17,31.13.71.7,57764,ip
192.168.10.17,31.13.71.7,57764,ip
192.168.10.17,31.13.71.7,57762,ipnip
192.168.10.17,91.189.89.199,123,ipnip
192.168.10.17,91.189.91.157,123,ipnip
192.168.10.19,172.217.10.238,38355,ipnip
192.168.10.19,172.217.10.238,40295,tcp
192.168.10.19,172.217.7.14,36114,tcp
192.168.10.19,192.168.10.3,5733,st2
192.168.10.19,192.168.10.3,54010,st2
192.168.10.19,192.168.10.3,45188,st2
192.168.10.19,192.168.10.3,59737,st2
192.168.10.19,192.168.10.3,11408,tcp
192.168.10.19,192.168.10.3,23873,tcp
192.168.10.19,192.168.10.3,39941,tcp
192.168.10.19,192.168.10.3,21883,argus
192.168.10.19,192.168.10.3,64008,chaos
192.168.10.19,192.168.10.3,27047,chaos
192.168.10.25,121.29.54.141,53527,chaos
192.168.10.25,121.29.54.141,53528,egp
192.168.10.25,121.29.54.141,53526,egp
192.168.10.25,121.29.54.141,53524,egp
192.168.10.25,17.253.14.125,123,egp
192.168.10.25,192.168.10.3,61286,egp
192.168.10.25,192.168.10.3,53530,emcon
192.168.10.25,192.168.10.3,53529,nvp
192.168.10.25,220.243.219.55,53531,udp
192.168.10.3,192.168.10.1,61539,nvp
192.168.10.3,192.168.10.1,61522,tcp
192.168.10.3,192.168.10.1,61739,pup
192.168.10.3,192.168.10.1,62293,udp
192.168.10.3,192.168.10.1,62405,pup
192.168.10.3,192.168.10.1,61381,tcp
192.168.10.3,192.168.10.1,60109,tcp
192.168.10.3,192.168.10.1,62316,pup
192.168.10.3,192.168.10.1,62049,tcp
192.168.10.3,192.168.10.1,60602,pup
192.168.10.3,192.168.10.1,62501,udp
192.168.10.3,192.168.10.1,62538,xnet
192.168.10.3,192.168.10.1,60047,tcp
192.168.10.3,192.168.10.1,62386,tcp
192.168.10.3,192.168.10.1,61867,tcp
192.168.10.3,192.168.10.1,60857,udp
192.168.10.3,192.168.10.1,60094,tcp
192.168.10.3,192.168.10.1,60698,udp
192.168.10.3,192.168.10.1,62132,mux
192.168.10.3,192.168.10.1,61323,ospf
192.168.10.3,192.168.10.1,60347,ospf
192.168.10.3,192.168.10.1,62077,mux
192.168.10.3,192.168.10.1,62515,tcp
192.168.10.3,192.168.10.1,61475,mux
192.168.10.3,192.168.10.1,62046,tcp
192.168.10.3,192.168.10.1,61462,mux
192.168.10.3,192.168.10.1,62196,tcp
192.168.10.3,192.168.10.1,61064,udp
192.168.10.3,192.168.10.1,61663,mux
192.168.10.3,192.168.10.1,61801,tcp
192.168.10.3,192.168.10.1,60223,dcn
192.168.10.3,192.168.10.1,62042,ospf
192.168.10.3,192.168.10.1,61859,dcn
192.168.10.3,192.168.10.1,62066,ospf
192.168.10.3,192.168.10.1,60550,hmp
192.168.10.3,192.168.10.1,60779,ospf
192.168.10.3,192.168.10.1,60922,hmp
192.168.10.3,192.168.10.1,61921,ospf
192.168.10.3,192.168.10.1,62105,tcp
192.168.10.3,192.168.10.1,62186,prm
192.168.10.3,192.168.10.1,62226,tcp
192.168.10.3,192.168.10.1,62301,prm
192.168.10.3,192.168.10.1,62343,tcp
192.168.10.3,192.168.10.1,61242,trunk-1
192.168.10.3,192.168.10.1,60788,trunk-1
192.168.10.3,192.168.10.1,61558,tcp
192.168.10.3,192.168.10.1,60947,trunk-1
192.168.10.3,192.168.10.1,61157,tcp
192.168.10.3,192.168.10.1,61421,trunk-2
192.168.10.3,192.168.10.1,62148,tcp
192.168.10.3,192.168.10.1,60722,trunk-2
192.168.10.3,192.168.10.1,62325,tcp
192.168.10.3,192.168.10.1,60516,tcp
192.168.10.3,192.168.10.1,60243,trunk-2
192.168.10.3,192.168.10.1,60835,tcp
192.168.10.3,192.168.10.1,61415,trunk-2
192.168.10.3,192.168.10.1,60729,tcp
192.168.10.3,192.168.10.1,62052,tcp
192.168.10.3,192.168.10.1,61560,xns-idp
192.168.10.3,192.168.10.1,61397,tcp
192.168.10.3,192.168.10.1,60712,tcp
192.168.10.3,192.168.10.1,61100,xns-idp
192.168.10.3,192.168.10.1,60822,udp
192.168.10.3,192.168.10.1,60826,xns-idp
192.168.10.3,192.168.10.1,60885,tcp
192.168.10.3,192.168.10.1,62420,leaf-1
192.168.10.3,192.168.10.1,62406,tcp
192.168.10.3,192.168.10.1,61652,leaf-1
192.168.10.3,192.168.10.1,61047,tcp
192.168.10.3,192.168.10.1,60664,leaf-1
192.168.10.3,192.168.10.1,60081,tcp
192.168.10.3,192.168.10.1,61296,leaf-1
192.168.10.3,192.168.10.1,61182,tcp
192.168.10.3,192.168.10.1,62092,leaf-1
192.168.10.3,192.168.10.1,60179,tcp
192.168.10.3,192.168.10.1,62094,tcp
192.168.10.3,192.168.10.1,60532,leaf-2
192.168.10.3,192.168.10.1,61393,tcp
192.168.10.3,192.168.10.1,62333,irtp
192.168.10.3,192.168.10.1,61144,tcp
192.168.10.3,192.168.10.1,61154,irtp
192.168.10.3,192.168.10.1,60888,irtp
192.168.10.3,192.168.10.1,61002,tcp
192.168.10.3,192.168.10.1,61223,rdp
192.168.10.3,192.168.10.1,60703,udp
192.168.10.3,192.168.10.1,62174,rdp
192.168.10.3,192.168.10.1,61832,tcp
192.168.10.3,192.168.10.1,61762,tcp
192.168.10.3,192.168.10.1,61984,rdp
192.168.10.3,192.168.10.1,60807,tcp
192.168.10.3,192.168.10.1,60232,udp
192.168.10.3,192.168.10.1,62233,udp
192.168.10.3,192.168.10.1,61733,tcp
192.168.10.3,192.168.10.1,61233,tcp
192.168.10.3,192.168.10.1,60903,tcp
192.168.10.3,192.168.10.1,61054,tcp
192.168.10.3,192.168.10.1,60367,netblt
192.168.10.3,192.168.10.1,60296,tcp
192.168.10.3,192.168.10.1,62311,mfe-nsp
192.168.10.3,192.168.10.1,61151,mfe-nsp
192.168.10.3,192.168.10.1,62075,tcp
192.168.10.3,192.168.10.1,61015,merit-inp
192.168.10.3,192.168.10.1,62327,tcp
192.168.10.3,192.168.10.1,60653,tcp
192.168.10.3,192.168.10.1,60579,udp
192.168.10.3,192.168.10.1,60406,tcp
192.168.10.3,192.168.10.1,62350,3pc
192.168.10.3,192.168.10.1,61754,tcp
192.168.10.3,192.168.10.1,60051,tcp
192.168.10.3,192.168.10.1,60848,3pc
192.168.10.3,192.168.10.1,61855,tcp
192.168.10.3,192.168.10.1,60074,tcp
192.168.10.3,192.168.10.1,60492,udp
192.168.10.3,192.168.10.1,62459,idpr
192.168.10.3,192.168.10.1,62349,tcp
192.168.10.3,192.168.10.1,61862,tcp
192.168.10.3,192.168.10.1,61247,ddp
192.168.10.3,192.168.10.1,60837,udp
192.168.10.3,192.168.10.1,61029,tcp
192.168.10.3,192.168.10.1,62136,ddp
192.168.10.3,192.168.10.1,62135,tcp
192.168.10.3,192.168.10.1,60456,ddp
192.168.10.3,192.168.10.1,60183,tcp
192.168.10.3,192.168.10.1,61685,idpr-cmtp
192.168.10.3,192.168.10.1,61592,tcp
192.168.10.3,192.168.10.1,61465,idpr-cmtp
192.168.10.3,192.168.10.1,60318,udp
192.168.10.3,192.168.10.1,62146,tcp
192.168.10.3,192.168.10.1,60930,tp++
192.168.10.3,192.168.10.1,61819,tp++
192.168.10.3,192.168.10.1,61237,tp++
192.168.10.3,192.168.10.1,60076,tcp
192.168.10.3,192.168.10.1,61318,tp++
192.168.10.3,192.168.10.1,60791,udp
192.168.10.3,192.168.10.1,62413,tp++
192.168.10.3,192.168.10.1,60096,udp
192.168.10.3,192.168.10.1,60487,tcp
192.168.10.3,192.168.10.1,60291,ipv6
192.168.10.3,192.168.10.1,60607,ipv6
192.168.10.3,192.168.10.1,60577,ipv6
192.168.10.3,192.168.10.1,62476,tcp
192.168.10.3,192.168.10.1,62466,sdrp
192.168.10.3,192.168.10.1,60366,tcp
192.168.10.3,192.168.10.1,60628,sdrp
192.168.10.3,192.168.10.1,61523,tcp
192.168.10.3,192.168.10.1,61122,sdrp
192.168.10.3,192.168.10.1,61356,tcp
192.168.10.3,192.168.10.1,62158,ipv6-frag
192.168.10.3,192.168.10.1,60586,tcp
192.168.10.3,192.168.10.1,62461,ipv6-frag
192.168.10.3,192.168.10.1,60617,tcp
192.168.10.3,192.168.10.1,60699,ipv6-frag
192.168.10.3,192.168.10.1,62371,tcp
192.168.10.3,192.168.10.1,60213,ipv6-frag
192.168.10.3,192.168.10.1,62532,udp
192.168.10.3,192.168.10.1,61970,ipv6-route
192.168.10.3,192.168.10.1,61261,tcp
192.168.10.3,192.168.10.1,61045,ipv6-route
192.168.10.3,192.168.10.1,61150,tcp
192.168.10.3,192.168.10.1,61259,ipv6-route
192.168.10.3,192.168.10.1,60398,tcp
192.168.10.3,192.168.10.1,61024,idrp
192.168.10.3,192.168.10.1,60308,udp
192.168.10.3,192.168.10.1,60906,idrp
192.168.10.3,192.168.10.1,61704,tcp
192.168.10.3,192.168.10.1,62083,tcp
192.168.10.3,192.168.10.1,61334,gre
192.168.10.3,192.168.10.1,61629,tcp
192.168.10.3,192.168.10.1,61039,mhrp
192.168.10.3,192.168.10.1,60385,tcp
192.168.10.3,192.168.10.1,62319,mhrp
192.168.10.3,192.168.10.1,62415,tcp
192.168.10.3,192.168.10.1,60663,mhrp
192.168.10.3,192.168.10.1,60248,tcp
192.168.10.3,192.168.10.1,60688,i-nlsp
192.168.10.3,192.168.10.1,61399,i-nlsp
192.168.10.3,192.168.10.1,61383,tcp
192.168.10.3,192.168.10.1,62489,tcp
192.168.10.3,192.168.10.1,60721,tcp
192.168.10.3,192.168.10.1,61420,tcp
192.168.10.3,192.168.10.1,60517,rvd
192.168.10.3,192.168.10.1,61413,tcp
192.168.10.3,192.168.10.1,61607,rvd
192.168.10.3,192.168.10.1,60226,tcp
192.168.10.3,192.168.10.1,60984,tcp
192.168.10.3,192.168.10.1,62330,rvd
192.168.10.3,192.168.10.1,62117,udp
192.168.10.3,192.168.10.1,60504,mobile
192.168.10.3,192.168.10.1,60583,udp
192.168.10.3,192.168.10.1,62078,mobile
192.168.10.3,192.168.10.1,61479,tcp
192.168.10.3,192.168.10.1,61327,mobile
192.168.10.3,192.168.10.1,61367,tcp
192.168.10.3,192.168.10.1,61782,mobile
192.168.10.3,192.168.10.1,60377,udp
192.168.10.3,192.168.10.1,61721,mobile
192.168.10.3,192.168.10.1,60371,tcp
192.168.10.3,192.168.10.1,60164,narp
192.168.10.3,192.168.10.1,62304,tcp
192.168.10.3,192.168.10.1,60396,tcp
192.168.10.3,192.168.10.1,62315,tcp
192.168.10.3,192.168.10.1,61052,udp
192.168.10.3,192.168.10.1,62337,tcp
192.168.10.3,192.168.10.1,61982,narp
192.168.10.3,192.168.10.1,61897,tcp
192.168.10.3,192.168.10.1,60929,narp
192.168.10.3,192.168.10.1,60352,ospf
192.168.10.3,192.168.10.1,61670,ospf
192.168.10.3,192.168.10.1,61609,skip
192.168.10.3,192.168.10.1,60322,ospf
192.168.10.3,192.168.10.1,61552,skip
192.168.10.3,192.168.10.1,60078,ospf
192.168.10.3,192.168.10.1,61665,tlsp
192.168.10.3,192.168.10.1,60739,sctp
192.168.10.3,192.168.10.1,62450,sctp
192.168.10.3,192.168.10.1,62140,tlsp
192.168.10.3,192.168.10.1,61879,gre
192.168.10.3,192.168.10.1,60245,ipv6-no
192.168.10.3,192.168.10.1,61748,tcp
192.168.10.3,192.168.10.1,60267,any
192.168.10.5,104.16.207.165,54865,tcp
192.168.10.5,104.16.23.235,54977,any
192.168.10.5,104.16.28.216,55054,tcp
192.168.10.5,104.16.28.216,55055,tcp
192.168.10.5,104.16.28.216,55058,ipv6-opts
192.168.10.5,104.16.28.216,55057,tcp
192.168.10.5,104.16.28.216,55058,tcp
192.168.10.5,104.19.196.102,54863,tcp
192.168.10.5,104.193.83.57,55216,cftp
192.168.10.5,104.193.83.57,55216,tcp
192.168.10.5,104.196.142.36,55158,tcp
192.168.10.5,104.196.142.36,55158,cftp
192.168.10.5,104.20.10.120,54871,cftp
192.168.10.5,104.20.10.120,54925,tcp
192.168.10.5,104.25.161.27,55278,any
192.168.10.5,104.76.108.221,55285,tcp
192.168.10.5,104.88.19.52,55016,any
192.168.10.5,104.88.19.52,55017,tcp
192.168.10.5,104.88.67.77,55261,sat-expak
192.168.10.5,104.97.123.193,55137,sat-expak
192.168.10.5,104.97.123.193,55153,udp
192.168.10.5,104.97.125.160,55011,sat-expak
192.168.10.5,104.97.125.160,55069,tcp
192.168.10.5,104.97.125.160,55110,ippc
192.168.10.5,104.97.125.160,55143,tcp
192.168.10.5,104.97.125.160,55144,kryptolan
192.168.10.5,104.97.125.160,55145,tcp
192.168.10.5,104.97.133.24,55050,kryptolan
192.168.10.5,104.97.139.37,55159,tcp
192.168.10.5,104.97.139.37,55226,tcp
192.168.10.5,104.97.139.37,55232,any
192.168.10.5,104.97.139.37,55236,tcp
192.168.10.5,104.97.139.37,55252,any
192.168.10.5,104.97.139.37,55247,ospf
192.168.10.5,104.97.139.37,55254,any
192.168.10.5,107.178.255.114,55210,ospf
192.168.10.5,129.146.14.99,55228,tcp
192.168.10.5,129.146.14.99,55239,tcp
192.168.10.5,138.201.37.241,55036,tcp
192.168.10.5,138.201.37.241,55035,tcp
192.168.10.5,138.201.37.241,55036,sat-mon
192.168.10.5,144.76.121.178,55275,tcp
192.168.10.5,145.243.233.163,55277,sat-mon
192.168.10.5,146.148.127.183,55266,tcp
192.168.10.5,146.148.127.183,55267,udp
192.168.10.5,149.174.66.131,55214,cpnx
192.168.10.5,149.174.66.131,55221,tcp
192.168.10.5,151.101.0.166,55164,cpnx
192.168.10.5,151.101.1.108,55063,tcp
192.168.10.5,151.101.1.5,55203,tcp
192.168.10.5,151.101.129.5,54832,cpnx
192.168.10.5,151.101.130.2,55140,ospf
192.168.10.5,151.101.130.2,55156,ospf
192.168.10.5,151.101.130.2,55180,ospf
192.168.10.5,151.101.193.28,54818,wsn
192.168.10.5,151.101.2.2,55077,tcp
192.168.10.5,151.101.2.2,55096,tcp
192.168.10.5,151.101.2.2,55085,wsn
192.168.10.5,151.101.46.49,55118,tcp
192.168.10.5,151.80.231.118,55160,pvp
192.168.10.5,151.80.231.118,55160,tcp
192.168.10.5,172.217.10.1,54882,tcp
192.168.10.5,172.217.12.138,54864,pvp
192.168.10.5,172.217.3.97,55268,tcp
192.168.10.5,172.217.6.198,55271,pvp
192.168.10.5,172.217.6.198,55270,tcp
192.168.10.5,172.217.6.198,55269,tcp
192.168.10.5,172.217.6.206,54862,pvp
192.168.10.5,172.82.206.1,54842,tcp
192.168.10.5,173.231.178.118,55219,udp
192.168.10.5,173.231.178.118,55219,br-sat-mon
192.168.10.5,173.241.242.143,55169,tcp
192.168.10.5,173.241.242.143,55169,br-sat-mon
192.168.10.5,178.255.83.1,55037,udp
192.168.10.5,178.255.83.1,55037,br-sat-mon
192.168.10.5,178.255.83.1,55083,tcp
192.168.10.5,178.255.83.1,55083,br-sat-mon
192.168.10.5,178.255.83.1,55101,tcp
192.168.10.5,178.255.83.1,55116,tcp
192.168.10.5,178.255.83.1,55114,sun-nd
192.168.10.5,178.255.83.1,55114,tcp
192.168.10.5,178.255.83.1,55116,sun-nd
192.168.10.5,178.255.83.1,55101,tcp
192.168.10.5,178.255.83.1,55167,sun-nd
192.168.10.5,178.255.83.1,55167,tcp
192.168.10.5,178.255.83.1,55182,sun-nd
192.168.10.5,178.255.83.1,55182,wb-mon
192.168.10.5,178.255.83.1,55206,tcp
192.168.10.5,178.255.83.1,55206,wb-mon
192.168.10.5,178.255.83.1,55234,tcp
192.168.10.5,178.255.83.1,55234,tcp
192.168.10.5,178.33.142.91,55032,tcp
192.168.10.5,178.33.142.91,55032,tcp
192.168.10.5,178.33.142.91,55284,tcp
192.168.10.5,178.33.142.91,55284,udp
192.168.10.5,184.30.4.121,55172,vmtp
192.168.10.5,184.73.199.81,55165,tcp
192.168.10.5,184.73.199.81,55165,vmtp
192.168.10.5,184.73.199.81,55199,vmtp
192.168.10.5,184.73.199.81,55199,udp
192.168.10.5,184.73.199.81,55224,tcp
192.168.10.5,184.73.199.81,55224,tcp
192.168.10.5,184.84.243.89,55147,tcp
192.168.10.5,185.167.164.39,55157,ttp
192.168.10.5,185.167.164.39,55245,udp
192.168.10.5,185.54.150.17,55150,ttp
192.168.10.5,185.54.150.17,55150,tcp
192.168.10.5,185.86.137.17,55039,vines
192.168.10.5,185.86.137.17,55043,tcp
192.168.10.5,185.86.137.17,55040,vines
192.168.10.5,185.86.137.17,55041,tcp
192.168.10.5,185.86.137.17,55042,vines
192.168.10.5,185.86.137.17,55038,tcp
192.168.10.5,185.86.139.29,55181,tcp
192.168.10.5,185.86.139.29,55186,nsfnet-igp
192.168.10.5,185.86.139.29,55200,tcp
192.168.10.5,185.86.139.29,55195,nsfnet-igp
192.168.10.5,185.86.139.29,55205,tcp
192.168.10.5,185.86.139.29,55207,nsfnet-igp
192.168.10.5,185.86.139.59,55170,tcp
192.168.10.5,192.168.10.3,61822,nsfnet-igp
192.168.10.5,192.168.10.3,65155,udp
192.168.10.5,192.168.10.3,52064,dgp
192.168.10.5,192.168.10.3,59990,tcp
192.168.10.5,192.168.10.3,50835,dgp
192.168.10.5,192.168.10.3,64884,tcp
192.168.10.5,192.168.10.3,62500,dgp
192.168.10.5,192.168.10.3,53956,tcp
192.168.10.5,192.168.10.3,49242,tcp
192.168.10.5,192.168.10.3,50672,dgp
192.168.10.5,192.168.10.3,56442,tcp
192.168.10.5,192.168.10.3,52293,dgp
192.168.10.5,192.168.10.3,60216,tcp
192.168.10.5,192.168.10.3,64018,tcp
192.168.10.5,192.168.10.3,62720,tcp
192.168.10.5,192.168.10.3,53477,eigrp
192.168.10.5,192.168.10.3,61777,tcp
192.168.10.5,192.168.10.3,54235,tcf
192.168.10.5,192.168.10.3,52241,tcp
192.168.10.5,192.168.10.3,49634,tcf
192.168.10.5,192.168.10.3,56565,tcp
192.168.10.5,192.168.10.3,58527,ospf
192.168.10.5,192.168.10.3,58224,ospf
192.168.10.5,192.168.10.3,52852,tcp
192.168.10.5,192.168.10.3,53882,ospf
192.168.10.5,192.168.10.3,64415,tcp
192.168.10.5,192.168.10.3,54810,sprite-rpc
192.168.10.5,192.168.10.3,54964,tcp
192.168.10.5,192.168.10.3,61189,larp
192.168.10.5,192.168.10.3,63193,tcp
192.168.10.5,192.168.10.3,56938,larp
192.168.10.5,192.168.10.3,62442,tcp
192.168.10.5,192.168.10.3,52826,tcp
192.168.10.5,192.168.10.3,49321,mtp
192.168.10.5,192.168.10.3,64500,udp
192.168.10.5,192.168.10.3,61151,tcp
192.168.10.5,192.168.10.3,53673,mtp
192.168.10.5,192.168.10.3,61154,tcp
192.168.10.5,192.168.10.3,59270,mtp
192.168.10.5,192.168.10.3,51738,tcp
192.168.10.5,192.168.10.3,63836,mtp
192.168.10.5,192.168.10.3,55806,tcp
192.168.10.5,192.168.10.3,57691,tcp
192.168.10.5,192.168.10.3,57327,tcp
192.168.10.5,192.168.10.3,63945,tcp
192.168.10.5,192.168.10.3,64687,tcp
192.168.10.5,192.168.10.3,53058,ax.25
192.168.10.5,192.168.10.3,64070,tcp
192.168.10.5,192.168.10.3,56933,ax.25
192.168.10.5,192.168.10.3,56170,tcp
192.168.10.5,192.168.10.3,53189,ipip
192.168.10.5,192.168.10.3,62555,tcp
192.168.10.5,192.168.10.3,50738,ipip
192.168.10.5,192.168.10.3,51597,tcp
192.168.10.5,192.168.10.3,50264,tcp
192.168.10.5,192.168.10.3,55542,ipip
192.168.10.5,192.168.10.3,51450,tcp
192.168.10.5,192.168.10.3,57666,ipip
192.168.10.5,192.168.10.3,62781,udp
192.168.10.5,192.168.10.3,62967,aes-sp3-d
192.168.10.5,192.168.10.3,58159,tcp
192.168.10.5,192.168.10.3,49912,micp
192.168.10.5,192.168.10.3,57537,tcp
192.168.10.5,192.168.10.3,65319,micp
192.168.10.5,192.168.10.3,63217,tcp
192.168.10.5,192.168.10.3,58374,tcp
192.168.10.5,192.168.10.3,64230,encap
192.168.10.5,192.168.10.3,61780,tcp
192.168.10.5,192.168.10.3,60017,udp
192.168.10.5,192.168.10.3,59584,pri-enc
192.168.10.5,192.168.10.3,51587,tcp
192.168.10.5,192.168.10.3,49271,tcp
192.168.10.5,192.168.10.3,52341,tcp
192.168.10.5,192.168.10.3,56314,tcp
192.168.10.5,192.168.10.3,60979,gmtp
192.168.10.5,192.168.10.3,52643,tcp
192.168.10.5,192.168.10.3,53976,gmtp
192.168.10.5,192.168.10.3,55955,tcp
192.168.10.5,192.168.10.3,51681,tcp
192.168.10.5,192.168.10.3,58372,gmtp
192.168.10.5,192.168.10.3,62367,ifmp
192.168.10.5,192.168.10.3,54874,tcp
192.168.10.5,192.168.10.3,60821,tcp
192.168.10.5,192.168.10.3,49629,pnni
192.168.10.5,192.168.10.3,61732,tcp
192.168.10.5,192.168.10.3,51277,tcp
192.168.10.5,192.168.10.3,62934,tcp
192.168.10.5,192.168.10.3,55523,qnx
192.168.10.5,192.168.10.3,64321,udp
192.168.10.5,192.168.10.3,51382,qnx
192.168.10.5,192.168.10.3,58416,udp
192.168.10.5,192.168.10.3,60233,qnx
192.168.10.5,192.168.10.3,56540,tcp
192.168.10.5,192.168.10.3,49858,scps
192.168.10.5,192.168.10.3,51371,tcp
192.168.10.5,192.168.10.3,56544,scps
192.168.10.5,192.168.10.3,61960,tcp
192.168.10.5,192.168.10.3,57311,tcp
192.168.10.5,192.168.10.3,65529,ospf
192.168.10.5,192.168.10.3,62045,tcp
192.168.10.5,192.168.10.3,57271,ospf
192.168.10.5,192.168.10.3,54605,tcp
192.168.10.5,192.168.10.3,62506,sctp
192.168.10.5,192.168.10.3,64038,tcp
192.168.10.5,192.168.10.3,61305,sctp
192.168.10.5,192.168.10.3,54856,tcp
192.168.10.5,192.168.10.3,56242,tcp
192.168.10.5,192.168.10.3,60226,tcp
192.168.10.5,192.168.10.3,53828,tcp
192.168.10.5,192.168.10.3,56401,tcp
192.168.10.5,192.168.10.3,52324,tcp
192.168.10.5,192.168.10.3,63102,tcp
192.168.10.5,192.168.10.3,49729,ospf
192.168.10.5,192.168.10.3,62167,udp
192.168.10.5,192.168.10.3,58633,tcp
192.168.10.5,192.168.10.3,54083,tcp
192.168.10.5,192.168.10.3,64963,udp
192.168.10.5,192.168.10.3,63223,udp
192.168.10.5,192.168.10.3,58924,udp
192.168.10.5,192.168.10.3,59257,tcp
192.168.10.5,192.168.10.3,56352,tcp
192.168.10.5,192.168.10.3,64662,sctp
192.168.10.5,192.168.10.3,50758,sctp
192.168.10.5,192.168.10.3,64964,tcp
192.168.10.5,192.168.10.3,54416,sctp
192.168.10.5,192.168.10.3,54969,tcp
192.168.10.5,192.168.10.3,54100,tcp
192.168.10.5,192.168.10.3,58508,tcp
192.168.10.5,192.168.10.3,50602,tcp
192.168.10.5,192.168.10.3,55302,udp
192.168.10.5,192.168.10.3,64811,tcp
192.168.10.5,192.168.10.3,63625,tcp
192.168.10.5,192.168.10.3,58026,udp
192.168.10.5,192.168.10.3,55962,tcp
192.168.10.5,192.168.10.3,57799,tcp
192.168.10.5,192.168.10.3,52719,tcp
192.168.10.5,192.168.10.3,59779,tcp
192.168.10.5,192.168.10.3,64077,udp
192.168.10.5,192.168.10.3,52401,tcp
192.168.10.5,192.168.10.3,53326,tcp
192.168.10.5,192.168.10.3,52664,tcp
192.168.10.5,192.168.10.3,54920,tcp
192.168.10.5,192.168.10.3,51058,tcp
192.168.10.5,192.168.10.3,62257,tcp
192.168.10.5,192.168.10.3,63154,tcp
192.168.10.5,192.168.10.3,56468,ospf
192.168.10.5,192.168.10.3,61533,tcp
192.168.10.5,192.168.10.3,53040,tcp
192.168.10.5,192.168.10.3,60157,tcp
192.168.10.5,192.168.10.3,54381,tcp
192.168.10.5,192.168.10.3,56169,tcp
192.168.10.5,192.168.10.3,51140,tcp
192.168.10.5,192.168.10.3,58701,udp
192.168.10.5,192.168.10.3,61025,tcp
192.168.10.5,192.168.10.3,54455,tcp
192.168.10.5,192.168.10.3,59272,udp
192.168.10.5,192.168.10.3,50707,tcp
192.168.10.5,192.168.10.3,64046,tcp
192.168.10.5,192.168.10.3,50641,udp
192.168.10.5,192.168.10.3,54142,tcp
192.168.10.5,192.168.10.3,54394,tcp
192.168.10.5,192.168.10.3,64999,tcp
192.168.10.5,192.168.10.3,58499,tcp
192.168.10.5,192.168.10.3,55897,tcp
192.168.10.5,192.168.10.3,50592,tcp
192.168.10.5,192.168.10.3,52336,tcp
192.168.10.5,192.168.10.3,50295,tcp
192.168.10.5,192.168.10.3,49221,tcp
192.168.10.5,192.168.10.3,58690,tcp
192.168.10.5,192.168.10.3,54932,tcp
192.168.10.5,192.168.10.3,54947,tcp
192.168.10.5,192.168.10.3,55703,tcp
192.168.10.5,192.168.10.3,51906,tcp
192.168.10.5,192.168.10.3,61866,tcp
192.168.10.5,192.168.10.3,63115,tcp
192.168.10.5,192.168.10.3,60152,udp
192.168.10.5,192.168.10.3,58979,tcp
192.168.10.5,192.168.10.3,53174,tcp
192.168.10.5,192.168.10.3,60777,tcp
192.168.10.5,192.168.10.3,61769,tcp
192.168.10.5,192.168.10.3,49624,tcp
192.168.10.5,192.168.10.3,64239,ospf
192.168.10.5,192.168.10.3,64464,tcp
192.168.10.5,192.168.10.3,57659,ospf
192.168.10.5,192.168.10.3,55246,tcp
192.168.10.5,192.168.10.3,57058,tcp
192.168.10.5,192.168.10.3,50233,ospf
192.168.10.5,192.168.10.3,54456,udp
192.168.10.5,192.168.10.3,55118,tcp
192.168.10.5,192.168.10.3,57042,ospf
192.168.10.5,192.168.10.3,51554,tcp
192.168.10.5,192.168.10.3,64326,ospf
192.168.10.5,192.168.10.3,65357,tcp
192.168.10.5,192.168.10.3,64013,tcp
192.168.10.5,192.168.10.3,58659,ospf
192.168.10.5,192.168.10.3,63827,tcp
192.168.10.5,192.168.10.3,63068,tcp
192.168.10.5,192.168.10.3,56055,tcp
192.168.10.5,192.168.10.3,63320,tcp
192.168.10.5,192.168.10.3,64789,udp
192.168.10.5,192.168.10.3,58300,tcp
192.168.10.5,192.168.10.3,57498,udp
192.168.10.5,192.168.10.3,59767,tcp
192.168.10.5,192.168.10.3,61768,tcp
192.168.10.5,192.168.10.3,64093,tcp
192.168.10.5,192.168.10.3,54048,tcp
192.168.10.5,192.168.10.3,58532,ospf
192.168.10.5,192.168.10.3,61854,udp
192.168.10.5,192.168.10.3,62855,tcp
192.168.10.5,192.168.10.3,51764,tcp
192.168.10.5,192.168.10.3,65141,tcp
192.168.10.5,192.168.10.3,51501,tcp
192.168.10.5,192.168.10.3,52072,tcp
192.168.10.5,192.168.10.3,60724,tcp
192.168.10.5,192.168.10.3,57938,udp
192.168.10.5,192.168.10.3,63232,tcp
192.168.10.5,192.168.10.3,52863,tcp
192.168.10.5,192.168.10.3,52945,tcp
192.168.10.5,192.168.10.3,63143,udp
192.168.10.5,192.168.10.3,55825,tcp
192.168.10.5,192.168.10.3,58246,tcp
192.168.10.5,192.168.10.3,50935,tcp
192.168.10.5,192.168.10.3,57325,tcp
192.168.10.5,192.168.10.3,56848,tcp
192.168.10.5,192.168.10.3,51139,udp
192.168.10.5,192.168.10.3,50595,tcp
192.168.10.5,192.168.10.3,56365,tcp
192.168.10.5,192.168.10.3,58336,tcp
192.168.10.5,192.168.10.3,55971,sctp
192.168.10.5,192.168.10.3,58901,udp
192.168.10.5,192.168.10.3,50431,tcp
192.168.10.5,192.168.10.3,49202,udp
192.168.10.5,192.168.10.3,53957,udp
192.168.10.5,192.168.10.3,61307,gre
192.168.10.5,192.168.10.3,61615,tcp
192.168.10.5,192.168.10.3,53132,tcp
192.168.10.5,192.168.10.3,50848,tcp
192.168.10.5,192.168.10.3,58660,tcp
192.168.10.5,192.168.10.3,52203,udp
192.168.10.5,192.168.10.3,57270,tcp
192.168.10.5,192.168.10.3,55865,tcp
192.168.10.5,192.168.10.3,61141,tcp
192.168.10.5,192.168.10.3,65376,tcp
192.168.10.5,192.168.10.3,58032,tcp
192.168.10.5,192.168.10.3,52327,tcp
192.168.10.5,192.168.10.3,58542,tcp
192.168.10.5,192.168.10.3,49309,tcp
192.168.10.5,192.168.10.3,58180,tcp
192.168.10.5,192.168.10.3,56033,udp
192.168.10.5,192.168.10.3,50019,sctp
192.168.10.5,192.168.10.3,49797,tcp
192.168.10.5,192.168.10.3,59063,tcp
192.168.10.5,192.168.10.3,51923,udp
192.168.10.5,192.168.10.3,49993,tcp
192.168.10.5,192.168.10.3,62074,tcp
192.168.10.5,192.168.10.3,53303,udp
192.168.10.5,192.168.10.3,54228,tcp
192.168.10.5,192.168.10.3,59610,tcp
192.168.10.5,192.168.10.3,54755,tcp
192.168.10.5,192.168.10.3,54452,tcp
192.168.10.5,192.168.10.3,51855,udp
192.168.10.5,192.168.10.3,56711,tcp
192.168.10.5,192.168.10.3,57057,udp
192.168.10.5,192.168.10.3,50405,tcp
192.168.10.5,192.168.10.3,55774,tcp
192.168.10.5,192.168.10.3,50484,tcp
192.168.10.5,192.168.10.3,49381,tcp
192.168.10.5,192.168.10.3,61685,tcp
192.168.10.5,192.168.10.3,63230,tcp
192.168.10.5,192.168.10.3,64036,udp
192.168.10.5,192.168.10.3,56557,tcp
192.168.10.5,192.168.10.3,63705,tcp
192.168.10.5,192.168.10.3,56374,tcp
192.168.10.5,192.168.10.3,59962,tcp
192.168.10.5,192.168.10.3,56839,tcp
192.168.10.5,192.168.10.3,65176,tcp
192.168.10.5,192.168.10.3,55584,tcp
192.168.10.5,192.168.10.3,64016,udp
192.168.10.5,192.168.10.3,64148,tcp
192.168.10.5,192.168.10.3,52093,tcp
192.168.10.5,192.168.10.3,59376,tcp
192.168.10.5,192.168.10.3,62854,ospf
192.168.10.5,192.168.10.3,58929,tcp
192.168.10.5,192.168.10.3,64666,ggp
192.168.10.5,192.168.10.3,49461,ospf
192.168.10.5,192.168.10.3,49817,ggp
192.168.10.5,192.168.10.3,56769,ospf
192.168.10.5,192.168.10.3,62401,tcp
192.168.10.5,192.168.10.3,61743,ip
192.168.10.5,192.168.10.3,56996,ospf
192.168.10.5,192.168.10.3,63840,ip
192.168.10.5,192.168.10.3,51412,ospf
192.168.10.5,192.168.10.3,50585,tcp
192.168.10.5,192.168.10.3,55600,ospf
192.168.10.5,192.168.10.3,51117,ipnip
192.168.10.5,192.168.10.3,65091,tcp
192.168.10.5,192.168.10.3,63702,ospf
192.168.10.5,192.168.10.3,50750,tcp
192.168.10.5,192.168.10.3,59958,tcp
192.168.10.5,192.168.10.3,64910,tcp
192.168.10.5,192.168.10.3,61272,tcp
192.168.10.5,192.168.10.3,58795,tcp
192.168.10.5,192.168.10.3,55407,st2
192.168.10.5,192.168.10.3,60220,tcp
192.168.10.5,192.168.10.3,60592,udp
192.168.10.5,192.168.10.3,65200,st2
192.168.10.5,192.168.10.3,60044,tcp
192.168.10.5,192.168.10.3,52974,st2
192.168.10.5,192.168.10.3,65143,tcp
192.168.10.5,192.168.10.3,61612,tcp
192.168.10.5,192.168.10.3,57227,ospf
192.168.10.5,192.168.10.3,60375,tcp
192.168.10.5,192.168.10.3,55283,tcp
192.168.10.5,192.168.10.3,50165,ospf
192.168.10.5,192.168.10.3,56357,cbt
192.168.10.5,192.168.10.3,62376,tcp
192.168.10.5,192.168.10.3,60215,ospf
192.168.10.5,192.168.10.3,63471,cbt
192.168.10.5,192.168.10.3,50430,tcp
192.168.10.5,192.168.10.3,50662,tcp
192.168.10.5,192.168.10.3,56852,cbt
192.168.10.5,192.168.10.3,54926,tcp
192.168.10.5,192.168.10.3,62896,tcp
192.168.10.5,192.168.10.3,53400,cbt
192.168.10.5,192.168.10.3,55057,tcp
192.168.10.5,192.168.10.3,56771,tcp
192.168.10.5,192.168.10.3,55091,tcp
192.168.10.5,192.168.10.3,57072,argus
192.168.10.5,192.168.10.3,55318,tcp
192.168.10.5,192.168.10.3,60277,tcp
192.168.10.5,192.168.10.3,62968,tcp
192.168.10.5,192.168.10.3,51525,argus
192.168.10.5,192.168.10.3,56288,tcp
192.168.10.5,192.168.10.3,65086,tcp
192.168.10.5,192.168.10.3,57171,bbn-rcc
192.168.10.5,192.168.10.3,64766,tcp
192.168.10.5,192.168.10.3,61326,tcp
192.168.10.5,192.168.10.3,57343,chaos
192.168.10.5,192.168.10.3,65353,tcp
192.168.10.5,192.168.10.3,56414,tcp
192.168.10.5,192.168.10.3,59017,egp
192.168.10.5,192.168.10.3,62034,tcp
192.168.10.5,192.168.10.3,51231,egp
192.168.10.5,192.168.10.3,53872,tcp
192.168.10.5,192.168.10.3,56359,emcon
192.168.10.5,192.168.10.3,53339,tcp
192.168.10.5,192.168.10.3,58430,emcon
192.168.10.5,192.168.10.3,51610,tcp
192.168.10.5,192.168.10.3,64273,tcp
192.168.10.5,192.168.10.3,63565,tcp
192.168.10.5,192.168.10.3,61507,igp
192.168.10.5,192.168.10.3,60245,tcp
192.168.10.5,192.168.10.3,59903,tcp
192.168.10.5,192.168.10.3,53269,igp
192.168.10.5,192.168.10.3,60779,tcp
192.168.10.5,192.168.10.3,49374,tcp
192.168.10.5,192.168.10.3,60165,tcp
192.168.10.5,192.168.10.3,58166,igp
192.168.10.5,192.168.10.3,51164,tcp
192.168.10.5,192.168.10.3,53165,tcp
192.168.10.5,192.168.10.3,49633,nvp
192.168.10.5,192.168.10.3,61887,tcp
192.168.10.5,192.168.10.3,57487,tcp
192.168.10.5,192.168.10.3,57580,tcp
192.168.10.5,192.168.10.3,60403,nvp
192.168.10.5,192.168.10.3,58943,tcp
192.168.10.5,192.168.10.3,54275,tcp
192.168.10.5,192.168.10.3,63113,pup
192.168.10.5,192.168.10.3,52995,tcp
192.168.10.5,192.168.10.3,51078,udp
192.168.10.5,192.168.10.3,54111,pup
192.168.10.5,192.168.10.3,52126,tcp
192.168.10.5,192.168.10.3,56348,pup
192.168.10.5,192.168.10.3,52745,tcp
192.168.10.5,192.168.10.3,60909,tcp
192.168.10.5,192.168.10.3,59150,xnet
192.168.10.5,192.168.10.3,59599,tcp
192.168.10.5,192.168.10.3,64648,tcp
192.168.10.5,192.168.10.3,49555,xnet
192.168.10.5,192.168.10.3,54681,tcp
192.168.10.5,192.168.10.3,55750,tcp
192.168.10.5,192.168.10.3,56073,tcp
192.168.10.5,192.168.10.3,54832,tcp
192.168.10.5,192.168.10.3,63947,tcp
192.168.10.5,192.168.10.3,57606,mux
192.168.10.5,192.168.10.3,56512,tcp
192.168.10.5,192.168.10.3,51789,tcp
192.168.10.5,192.168.10.3,62531,mux
192.168.10.5,192.168.10.3,59213,tcp
192.168.10.5,192.168.10.3,65532,tcp
192.168.10.5,192.168.10.3,60663,tcp
192.168.10.5,192.168.10.3,64285,dcn
192.168.10.5,192.168.10.3,54327,tcp
192.168.10.5,192.168.10.3,50871,tcp
192.168.10.5,192.168.10.3,59832,tcp
192.168.10.5,192.168.10.3,61429,dcn
192.168.10.5,192.168.10.3,63937,tcp
192.168.10.5,192.168.10.3,56238,tcp
192.168.10.5,192.168.10.3,60614,hmp
192.168.10.5,192.168.10.3,58683,udp
192.168.10.5,192.168.10.3,51599,tcp
192.168.10.5,192.168.10.3,63865,hmp
192.168.10.5,192.168.10.3,51080,hmp
192.168.10.5,192.168.10.3,60719,tcp
192.168.10.5,192.168.10.3,55028,tcp
192.168.10.5,192.168.10.3,62221,hmp
192.168.10.5,192.168.10.3,50054,tcp
192.168.10.5,192.168.10.3,58377,tcp
192.168.10.5,192.168.10.3,53791,prm
192.168.10.5,192.168.10.3,55404,tcp
192.168.10.5,192.168.10.3,51158,tcp
192.168.10.5,192.168.10.3,62160,tcp
192.168.10.5,192.168.10.3,57370,tcp
192.168.10.5,192.168.10.3,59484,tcp
192.168.10.5,192.168.10.3,59185,trunk-1
192.168.10.5,192.168.10.3,52230,tcp
192.168.10.5,192.168.10.3,52073,tcp
192.168.10.5,192.168.10.3,50568,tcp
192.168.10.5,192.168.10.3,58609,tcp
192.168.10.5,192.168.10.3,53711,tcp
192.168.10.5,192.168.10.3,52908,tcp
192.168.10.5,192.168.10.3,64379,tcp
192.168.10.5,192.168.10.3,54223,tcp
192.168.10.5,192.168.10.3,57669,tcp
192.168.10.5,192.168.10.3,55255,tcp
192.168.10.5,192.168.10.3,51624,tcp
192.168.10.5,192.168.10.3,56181,tcp
192.168.10.5,192.168.10.3,55980,tcp
192.168.10.5,192.168.10.3,50060,tcp
192.168.10.5,192.168.10.3,62806,tcp
192.168.10.5,192.168.10.3,50624,tcp
192.168.10.5,192.168.10.3,60137,tcp
192.168.10.5,192.168.10.3,59282,tcp
192.168.10.5,192.168.10.3,52104,tcp
192.168.10.5,192.168.10.3,64570,tcp
192.168.10.5,192.168.10.3,59986,tcp
192.168.10.5,192.168.10.3,54289,tcp
192.168.10.5,192.168.10.3,50884,udp
192.168.10.5,192.168.10.3,63812,tcp
192.168.10.5,192.168.10.3,64264,tcp
192.168.10.5,192.168.10.3,53764,tcp
192.168.10.5,192.168.10.3,56669,udp
192.168.10.5,192.168.10.3,64951,ospf
192.168.10.5,192.168.10.3,59548,tcp
192.168.10.5,192.168.10.3,49839,tcp
192.168.10.5,192.168.10.3,57387,ospf
192.168.10.5,192.168.10.3,62556,tcp
192.168.10.5,192.168.10.3,65026,udp
192.168.10.5,192.168.10.3,59750,ospf
192.168.10.5,192.168.10.3,57351,udp
192.168.10.5,192.168.10.3,57104,tcp
192.168.10.5,192.168.10.3,49999,ospf
192.168.10.5,192.168.10.3,61198,udp
192.168.10.5,192.168.10.3,55332,tcp
192.168.10.5,192.168.10.3,49722,tcp
192.168.10.5,192.168.10.3,53290,ospf
192.168.10.5,192.168.10.3,55286,tcp
192.168.10.5,192.168.10.3,63148,tcp
192.168.10.5,192.168.10.3,52584,ospf
192.168.10.5,192.168.10.3,62589,tcp
192.168.10.5,192.229.163.4,55013,tcp
192.168.10.5,193.70.45.31,55162,tcp
192.168.10.5,193.70.45.31,55162,tcp
192.168.10.5,193.70.45.31,55201,tcp
192.168.10.5,193.70.45.31,55201,udp
192.168.10.5,193.70.45.31,55246,tcp
192.168.10.5,193.70.45.31,55246,tcp
192.168.10.5,195.216.249.102,55213,tcp
192.168.10.5,195.216.249.102,55213,udp
192.168.10.5,195.216.249.109,55262,udp
192.168.10.5,195.216.249.109,55263,tcp
192.168.10.5,195.216.249.109,55262,tcp
192.168.10.5,195.216.249.89,55154,tcp
192.168.10.5,195.216.249.89,55178,tcp
192.168.10.5,198.54.12.145,55202,tcp
192.168.10.5,199.233.57.21,55227,tcp
192.168.10.5,199.233.57.21,55227,sctp
192.168.10.5,204.2.197.211,55217,tcp
192.168.10.5,204.2.197.211,55217,tcp
192.168.10.5,204.2.197.211,55253,tcp
192.168.10.5,204.2.197.211,55253,tcp
192.168.10.5,205.185.208.31,55209,udp
192.168.10.5,205.185.208.31,55209,tcp
192.168.10.5,209.15.36.21,55075,udp
192.168.10.5,209.15.36.21,55094,udp
192.168.10.5,209.15.36.21,55094,tcp
192.168.10.5,209.15.36.21,55075,tcp
192.168.10.5,209.15.36.32,55161,tcp
192.168.10.5,209.15.36.32,55161,tcp
192.168.10.5,209.85.201.157,54838,tcp
192.168.10.5,212.77.188.194,55082,tcp
192.168.10.5,212.77.188.194,55100,ospf
192.168.10.5,212.77.188.194,55082,tcp
192.168.10.5,213.133.105.188,55276,tcp
192.168.10.5,23.15.4.10,55190,tcp
192.168.10.5,23.2.12.111,55086,ospf
192.168.10.5,23.23.160.161,55079,tcp
192.168.10.5,23.23.160.161,55098,tcp
192.168.10.5,23.33.109.206,55117,ospf
192.168.10.5,23.4.59.27,55136,udp
192.168.10.5,23.4.59.27,55135,udp
192.168.10.5,23.4.59.27,55183,ospf
192.168.10.5,23.4.59.27,55191,udp
192.168.10.5,23.4.59.27,55194,tcp
192.168.10.5,23.4.59.27,55225,ospf
192.168.10.5,23.4.59.27,55235,tcp
192.168.10.5,23.4.59.27,55256,tcp
192.168.10.5,23.4.59.27,55255,ospf
192.168.10.5,23.4.59.27,55235,tcp
192.168.10.5,23.48.159.137,55163,tcp
192.168.10.5,23.5.251.27,55283,ospf
192.168.10.5,23.5.251.27,55281,tcp
192.168.10.5,23.5.251.27,55282,tcp
192.168.10.5,23.5.251.27,55280,tcp
192.168.10.5,23.5.251.27,55282,tcp
192.168.10.5,23.5.251.27,55280,tcp
192.168.10.5,23.60.139.27,55012,udp
192.168.10.5,23.60.139.27,55024,tcp
192.168.10.5,23.60.139.27,55023,tcp
192.168.10.5,23.60.139.27,55021,tcp
192.168.10.5,23.60.139.27,55022,tcp
192.168.10.5,23.60.139.27,55029,tcp
192.168.10.5,23.60.139.27,55027,tcp
192.168.10.5,23.60.139.27,55028,udp
192.168.10.5,23.60.139.27,55053,tcp
192.168.10.5,23.60.139.27,55064,tcp
192.168.10.5,23.60.139.27,55065,udp
192.168.10.5,23.60.139.27,55059,tcp
192.168.10.5,23.60.139.27,55056,tcp
192.168.10.5,23.60.139.27,55071,tcp
192.168.10.5,23.60.139.27,55072,tcp
192.168.10.5,23.60.139.27,55090,tcp
192.168.10.5,23.60.139.27,55091,tcp
192.168.10.5,23.60.139.27,55084,tcp
192.168.10.5,23.60.139.27,55115,tcp
192.168.10.5,23.60.139.27,55021,udp
192.168.10.5,31.13.66.36,54888,tcp
192.168.10.5,31.13.69.203,54879,tcp
192.168.10.5,31.13.69.203,54891,tcp
192.168.10.5,31.13.69.203,54891,tcp
192.168.10.5,34.194.147.124,55168,tcp
192.168.10.5,34.197.153.196,55076,udp
192.168.10.5,34.197.153.196,55095,udp
192.168.10.5,34.198.40.12,55220,tcp
192.168.10.5,34.205.224.175,55166,udp
192.168.10.5,34.224.251.241,55171,tcp
192.168.10.5,34.225.220.108,55211,udp
192.168.10.5,35.156.166.16,55155,udp
192.168.10.5,35.156.166.16,55179,tcp
192.168.10.5,35.157.186.26,55052,tcp
192.168.10.5,35.157.203.170,55146,ospf
192.168.10.5,35.157.203.170,55141,tcp
192.168.10.5,35.157.203.170,55152,ospf
192.168.10.5,35.157.203.170,55177,tcp
192.168.10.5,35.158.69.146,55051,ospf
192.168.10.5,37.202.2.165,55274,tcp
192.168.10.5,38.72.130.155,55073,tcp
192.168.10.5,38.72.130.155,55092,udp
192.168.10.5,50.63.243.230,55019,tcp
192.168.10.5,50.63.243.230,55018,sctp
192.168.10.5,50.63.243.230,55018,tcp
192.168.10.5,50.63.243.230,55019,sctp
192.168.10.5,50.63.243.230,55020,ospf
192.168.10.5,50.63.243.230,55113,tcp
192.168.10.5,50.63.243.230,55113,ospf
192.168.10.5,50.63.243.230,55128,sctp
192.168.10.5,50.63.243.230,55128,tcp
192.168.10.5,50.63.243.230,55189,ospf
192.168.10.5,50.63.243.230,55189,sctp
192.168.10.5,50.63.243.230,55230,udp
192.168.10.5,50.63.243.230,55237,tcp
192.168.10.5,50.63.243.230,55238,sctp
192.168.10.5,50.63.243.230,55230,tcp
192.168.10.5,50.63.243.230,55237,tcp
192.168.10.5,50.63.243.230,55229,sctp
192.168.10.5,50.63.243.230,55238,tcp
192.168.10.5,50.63.243.230,55249,tcp
192.168.10.5,50.63.243.230,55249,sctp
192.168.10.5,50.97.40.233,55015,tcp
192.168.10.5,50.97.40.233,55014,gre
192.168.10.5,50.97.40.233,55014,tcp
192.168.10.5,52.1.184.32,55208,tcp
192.168.10.5,52.1.184.32,55215,gre
192.168.10.5,52.17.250.174,55048,tcp
192.168.10.5,52.219.72.8,55068,udp
192.168.10.5,52.219.72.8,55067,gre
192.168.10.5,52.219.72.8,55088,tcp
192.168.10.5,52.219.72.8,55089,tcp
192.168.10.5,52.27.10.213,54843,udp
192.168.10.5,52.6.174.16,55078,gre
192.168.10.5,52.6.174.16,55097,tcp
192.168.10.5,52.6.93.103,55192,tcp
192.168.10.5,52.84.135.92,55108,sctp
192.168.10.5,52.84.143.188,55204,sctp
192.168.10.5,52.84.143.188,55212,tcp
192.168.10.5,52.84.143.188,55222,tcp
192.168.10.5,52.84.145.135,55279,sctp
192.168.10.5,52.84.145.138,54836,tcp
192.168.10.5,52.84.145.193,55127,tcp
192.168.10.5,52.84.145.20,55122,tcp
192.168.10.5,52.84.145.215,55070,tcp
192.168.10.5,52.84.145.232,55125,tcp
192.168.10.5,52.84.145.247,55124,udp
192.168.10.5,52.84.145.247,55120,tcp
192.168.10.5,52.84.145.247,55121,tcp
192.168.10.5,52.84.145.250,55148,tcp
192.168.10.5,52.84.145.71,55126,tcp
192.168.10.5,52.86.189.192,55258,tcp
192.168.10.5,52.86.189.192,55257,tcp
192.168.10.5,54.76.211.99,55149,tcp
192.168.10.5,54.76.211.99,55251,tcp
192.168.10.5,54.76.211.99,55250,tcp
192.168.10.5,54.76.211.99,55248,udp
192.168.10.5,54.76.70.15,55243,udp
192.168.10.5,54.76.70.15,55259,tcp
192.168.10.5,54.76.70.15,55260,udp
192.168.10.5,54.77.29.117,55197,tcp
192.168.10.5,62.216.176.7,55142,tcp
192.168.10.5,63.251.98.12,55198,tcp
192.168.10.5,63.251.98.12,55198,tcp
192.168.10.5,65.39.202.99,55223,tcp
192.168.10.5,68.67.178.109,55045,tcp
192.168.10.5,68.67.178.109,55046,tcp
192.168.10.5,68.67.178.109,55044,ospf
192.168.10.5,68.67.178.109,55047,tcp
192.168.10.5,68.67.178.109,55062,tcp
192.168.10.5,68.67.178.109,55062,ospf
192.168.10.5,68.67.178.109,55045,tcp
192.168.10.5,68.67.178.109,55046,tcp
192.168.10.5,68.67.178.109,55044,tcp
192.168.10.5,68.67.178.109,55047,udp
192.168.10.5,68.67.178.196,55123,tcp
192.168.10.5,68.67.178.196,55119,tcp
192.168.10.5,68.67.178.196,55139,tcp
192.168.10.5,68.67.178.196,55134,tcp
192.168.10.5,68.67.178.196,55133,tcp
192.168.10.5,68.67.178.196,55123,tcp
192.168.10.5,68.67.178.196,55119,udp
192.168.10.5,68.67.178.196,55244,tcp
192.168.10.5,68.67.178.196,55244,tcp
192.168.10.5,72.21.81.189,55138,udp
192.168.10.5,72.21.81.48,55105,udp
192.168.10.5,72.21.81.48,55104,tcp
192.168.10.5,72.21.81.48,55106,tcp
192.168.10.5,72.21.81.48,55103,tcp
192.168.10.5,72.21.81.48,55107,udp
192.168.10.5,72.21.81.48,55102,tcp
192.168.10.5,72.21.81.48,55105,tcp
192.168.10.5,72.21.81.48,55104,tcp
192.168.10.5,72.21.81.48,55103,udp
192.168.10.5,72.21.81.48,55107,udp
192.168.10.5,72.21.81.48,55106,tcp
192.168.10.5,72.21.81.48,55151,tcp
192.168.10.5,72.21.91.113,54928,udp
192.168.10.5,72.21.91.113,54928,tcp
192.168.10.5,72.21.91.29,55112,tcp
192.168.10.5,72.21.91.29,55131,udp
192.168.10.5,72.21.91.29,55129,tcp
192.168.10.5,72.21.91.29,55130,udp
192.168.10.5,74.119.118.72,55061,udp
192.168.10.5,74.119.118.72,55066,sctp
192.168.10.5,74.217.250.5,55087,tcp
192.168.10.5,74.217.253.61,55218,tcp
192.168.10.5,74.217.63.52,55184,tcp
192.168.10.5,74.217.63.52,55185,sctp
192.168.10.5,74.217.63.52,55188,tcp
192.168.10.5,74.217.63.52,55187,sctp
192.168.10.5,74.217.63.52,55185,ospf
192.168.10.5,74.217.63.52,55184,tcp
192.168.10.5,80.82.201.85,55132,tcp
192.168.10.5,80.82.201.85,55132,ospf
192.168.10.5,80.82.201.85,55193,tcp
192.168.10.5,80.82.201.85,55193,tcp
192.168.10.5,80.82.201.86,55233,tcp
192.168.10.5,80.82.201.86,55231,tcp
192.168.10.5,80.82.201.86,55233,tcp
192.168.10.5,81.169.224.223,55049,tcp
192.168.10.5,81.169.224.223,55049,tcp
192.168.10.5,85.114.144.198,55241,udp
192.168.10.5,85.114.144.198,55241,tcp
192.168.10.5,85.114.159.93,55196,tcp
192.168.10.5,87.106.20.27,55111,tcp
192.168.10.5,87.106.20.27,55111,tcp
192.168.10.5,87.106.20.27,55176,tcp
192.168.10.5,87.106.20.27,55173,udp
192.168.10.5,87.106.20.27,55174,tcp
192.168.10.5,87.106.20.27,55175,udp
192.168.10.5,87.106.20.27,55175,tcp
192.168.10.5,87.106.20.27,55173,tcp
192.168.10.5,87.106.20.27,55176,tcp
192.168.10.5,87.106.20.27,55174,tcp
192.168.10.5,89.163.159.108,55240,tcp
192.168.10.5,89.163.159.108,55242,tcp
192.168.10.5,89.163.159.108,55240,udp
192.168.10.5,89.163.159.108,55242,tcp
192.168.10.5,89.163.159.108,55264,udp
192.168.10.5,89.163.159.108,55265,tcp
192.168.10.5,89.163.159.108,55264,tcp
192.168.10.5,89.163.159.108,55265,tcp
192.168.10.5,91.215.100.39,55026,tcp
192.168.10.5,91.215.100.39,55025,udp
192.168.10.5,91.215.100.39,55026,tcp
192.168.10.5,91.215.100.40,55060,tcp
192.168.10.5,91.215.100.40,55080,ggp
192.168.10.5,91.215.100.40,55080,tcp
192.168.10.5,93.184.216.16,55030,tcp
192.168.10.5,93.184.216.16,55030,ggp
192.168.10.5,93.184.216.16,55031,udp
192.168.10.5,93.184.216.180,55109,ip
192.168.10.5,93.190.69.32,55034,tcp
192.168.10.5,93.190.69.32,55033,tcp
192.168.10.5,93.190.69.32,55034,ip
192.168.10.5,93.190.69.37,55081,tcp
192.168.10.5,93.190.69.37,55099,tcp
192.168.10.5,98.139.225.35,55273,tcp
192.168.10.5,98.139.225.35,55272,ip
192.168.10.5,98.139.225.43,55074,tcp
192.168.10.5,98.139.225.43,55093,tcp
192.168.10.5,98.139.225.43,55074,ipnip
192.168.10.50,144.217.95.60,123,tcp
192.168.10.50,192.168.10.12,34805,ipnip
192.168.10.50,192.168.10.12,21,tcp
192.168.10.50,192.168.10.12,34805,tcp
192.168.10.50,192.168.10.16,22,ipnip
192.168.10.50,192.168.10.16,22,tcp
192.168.10.50,192.168.10.17,137,tcp
192.168.10.51,162.213.33.50,59401,tcp
192.168.10.51,162.213.33.50,59401,tcp
192.168.10.51,162.213.33.50,59402,tcp
192.168.10.51,162.213.33.50,59402,mhrp
192.168.10.8,104.16.25.216,9367,tcp
192.168.10.8,104.28.13.116,9282,tcp
192.168.10.8,157.240.0.35,9188,tcp
192.168.10.8,157.240.0.35,9188,st2
192.168.10.8,172.217.10.238,9331,mhrp
192.168.10.8,172.217.10.238,9175,tcp
192.168.10.8,199.16.157.105,9241,tcp
192.168.10.8,205.174.165.73,9369,mhrp
192.168.10.9,104.20.10.120,8672,st2
192.168.10.9,172.217.10.238,8694,tcp
192.168.10.9,172.217.10.66,8789,tcp
192.168.10.9,172.217.10.66,8818,bna
192.168.10.9,172.217.11.6,8781,udp
192.168.10.9,172.217.11.6,8788,tcp
192.168.10.9,172.217.12.162,8738,tcp
192.168.10.9,172.217.12.162,8673,bna
192.168.10.9,172.217.6.198,8737,udp
192.168.10.9,172.217.6.206,8680,tcp
192.168.10.9,172.217.7.132,8733,tcp
192.168.10.9,192.168.10.3,65431,bna
192.168.10.9,192.168.10.3,58966,tcp
192.168.10.9,192.168.10.3,63033,tcp
192.168.10.9,192.168.10.3,49506,bna
192.168.10.9,192.168.10.3,64538,tcp
192.168.10.9,209.85.232.109,8935,tcp
192.168.10.9,209.85.232.109,8935,tcp
192.168.10.9,216.200.232.61,8809,bna
192.168.10.9,216.200.232.61,8808,tcp
192.168.10.9,23.15.4.8,8844,tcp
192.168.10.9,31.172.81.158,8873,tcp
192.168.10.9,5.79.75.140,8503,tcp
192.168.10.9,5.79.75.140,8934,bna
192.168.10.9,52.84.143.147,8843,tcp
192.168.10.9,54.235.219.125,8720,tcp
192.168.10.9,72.21.91.29,8820,tcp
192.168.10.9,72.21.91.29,8821,tcp
192.168.10.9,85.17.21.169,8669,tcp
195.216.249.102,192.168.10.5,443,tcp
195.216.249.109,192.168.10.5,443,tcp
195.216.249.109,192.168.10.5,443,i-nlsp
195.216.249.109,192.168.10.5,443,udp
195.216.249.89,192.168.10.5,443,tcp
195.216.249.89,192.168.10.5,443,tcp
199.16.156.120,192.168.10.17,443,i-nlsp
199.16.157.105,192.168.10.8,443,tcp
199.244.48.55,192.168.10.16,443,cbt
199.244.48.55,192.168.10.16,443,tcp
199.244.48.55,192.168.10.16,443,narp
199.244.48.55,192.168.10.16,443,tcp
199.244.48.55,192.168.10.16,443,cbt
199.244.48.55,192.168.10.16,443,tcp
199.244.48.55,192.168.10.16,443,narp
199.244.48.55,192.168.10.16,443,tcp
199.244.48.55,192.168.10.16,443,cbt
199.244.48.55,192.168.10.16,443,tcp
199.244.48.55,192.168.10.16,443,narp
199.244.48.55,192.168.10.16,443,tcp
199.244.48.55,192.168.10.16,443,argus
199.244.48.55,192.168.10.16,443,tcp
199.244.48.55,192.168.10.16,443,tcp
199.244.48.55,192.168.10.16,443,swipe
199.244.48.55,192.168.10.16,443,argus
199.244.48.55,192.168.10.16,443,tcp
204.2.255.232,192.168.10.9,443,udp
204.2.255.232,192.168.10.9,443,swipe
209.85.201.157,192.168.10.5,443,tcp
212.77.188.194,192.168.10.5,443,bbn-rcc
213.133.105.188,192.168.10.5,443,swipe
216.58.212.142,192.168.10.17,443,tcp
220.243.219.55,192.168.10.25,443,bbn-rcc
23.15.4.10,192.168.10.5,80,tcp
23.15.4.18,192.168.10.16,80,tcp
23.15.4.24,192.168.10.16,80,bbn-rcc
23.15.4.8,192.168.10.9,80,tcp
23.2.12.111,192.168.10.9,443,ipv6-no
23.23.160.161,192.168.10.5,443,tcp
23.4.59.27,192.168.10.5,80,udp
23.4.59.27,192.168.10.5,80,bbn-rcc
23.4.59.27,192.168.10.5,80,tcp
23.4.59.27,192.168.10.5,80,ipv6-no
23.4.59.27,192.168.10.5,80,tcp
23.4.59.27,192.168.10.5,80,bbn-rcc
23.4.59.27,192.168.10.5,80,tcp
23.5.251.27,192.168.10.5,80,ipv6-no
23.5.251.27,192.168.10.5,80,tcp
23.60.139.27,192.168.10.5,80,tcp
23.60.139.27,192.168.10.5,80,bbn-rcc
23.60.139.27,192.168.10.5,80,ipv6-no
23.60.139.27,192.168.10.5,80,tcp
23.60.139.27,192.168.10.5,80,tcp
23.60.139.27,192.168.10.5,80,ipv6-no
23.60.139.27,192.168.10.5,80,bbn-rcc
23.60.139.27,192.168.10.5,80,tcp
23.60.139.27,192.168.10.5,80,tcp
31.13.71.14,192.168.10.17,443,ipv6-no
31.13.71.7,192.168.10.17,443,chaos
31.13.71.7,192.168.10.17,443,udp
31.172.81.158,192.168.10.9,443,tcp
34.197.153.196,192.168.10.5,443,chaos
34.200.14.225,192.168.10.16,443,any
35.156.166.16,192.168.10.5,443,tcp
35.157.203.170,192.168.10.5,443,tcp
38.72.130.155,192.168.10.5,443,chaos
38.72.130.155,192.168.10.5,443,any
5.79.75.140,192.168.10.9,443,udp
50.63.243.230,192.168.10.5,80,udp
50.63.243.230,192.168.10.5,80,any
50.97.40.233,192.168.10.5,443,egp
52.1.184.32,192.168.10.5,443,ospf
52.20.182.36,192.168.10.16,443,any
52.20.182.36,192.168.10.16,443,egp
52.20.81.238,192.168.10.16,443,ospf
52.20.81.238,192.168.10.16,443,tcp
52.20.81.238,192.168.10.16,443,egp
52.219.72.8,192.168.10.5,443,ospf
52.219.72.8,192.168.10.5,443,ipv6-opts
52.219.72.8,192.168.10.5,443,tcp
52.219.72.8,192.168.10.5,443,egp
52.6.174.16,192.168.10.5,443,ospf
52.6.93.103,192.168.10.5,443,udp
52.84.143.114,192.168.10.16,80,ipv6-opts
52.84.143.13,192.168.10.9,443,ospf
52.84.143.147,192.168.10.9,80,egp
52.84.143.188,192.168.10.5,80,tcp
52.84.143.214,192.168.10.9,443,ipv6-opts
52.84.143.87,192.168.10.16,80,udp
52.84.145.117,192.168.10.9,443,tcp
52.84.145.138,192.168.10.5,443,emcon
52.84.145.164,192.168.10.9,443,ipv6-opts
52.84.145.247,192.168.10.5,443,sctp
52.84.145.247,192.168.10.5,443,udp
52.84.145.250,192.168.10.5,443,cftp
52.84.145.71,192.168.10.5,443,emcon
52.84.8.26,192.168.10.16,80,gre
52.87.0.182,192.168.10.9,443,cftp
54.210.220.92,192.168.10.17,443,igp
54.225.210.192,192.168.10.16,443,tcp
54.76.70.15,192.168.10.5,443,gre
62.216.176.7,192.168.10.5,443,cftp
68.67.178.109,192.168.10.5,443,igp
68.67.178.196,192.168.10.5,443,gre
68.67.178.196,192.168.10.5,443,udp
68.67.178.196,192.168.10.5,443,cftp
68.67.178.196,192.168.10.5,443,igp
72.21.91.29,192.168.10.5,80,tcp
72.21.91.29,192.168.10.9,80,any
72.21.91.29,192.168.10.9,80,pup
74.119.118.72,192.168.10.5,443,tcp
74.119.118.72,192.168.10.5,443,tcp
74.217.63.52,192.168.10.5,443,any
74.217.63.52,192.168.10.5,443,tcp
74.217.63.52,192.168.10.5,443,pup
74.217.63.52,192.168.10.5,443,tcp
80.82.201.85,192.168.10.5,443,any
80.82.201.85,192.168.10.5,443,tcp
80.82.201.86,192.168.10.5,443,xnet
80.82.201.86,192.168.10.5,443,ippc
80.82.201.86,192.168.10.5,443,tcp
85.17.21.169,192.168.10.9,443,tcp
91.215.100.39,192.168.10.5,443,xnet
91.215.100.40,192.168.10.5,443,kryptolan
93.190.69.37,192.168.10.5,443,tcp
93.190.69.37,192.168.10.5,443,tcp
98.139.225.35,192.168.10.5,443,xnet
98.139.225.43,192.168.10.5,443,tcp
104.16.208.165,192.168.10.9,443,kryptolan
104.16.25.216,192.168.10.16,80,tcp
104.16.25.216,192.168.10.16,80,xnet
104.16.25.235,192.168.10.9,443,tcp
104.19.194.102,192.168.10.9,443,tcp
104.196.37.199,192.168.10.16,443,kryptolan
104.20.10.120,192.168.10.9,443,xnet
104.20.10.120,192.168.10.9,443,tcp
104.20.53.8,192.168.10.14,443,tcp
104.24.113.60,192.168.10.17,443,tcp
104.37.178.2,192.168.10.17,443,xnet
104.79.143.90,192.168.10.16,443,any
104.79.143.90,192.168.10.16,443,udp
104.85.11.111,192.168.10.14,443,tcp
104.85.11.111,192.168.10.14,443,xnet
104.85.11.111,192.168.10.14,443,tcp
104.85.11.111,192.168.10.14,443,tcp
104.85.11.111,192.168.10.14,443,tcp
104.88.70.158,192.168.10.16,443,tcp
104.88.89.135,192.168.10.14,443,tcp
104.88.89.135,192.168.10.16,443,tcp
104.88.89.135,192.168.10.16,443,sat-mon
104.88.89.135,192.168.10.16,443,tcp
104.92.130.184,192.168.10.16,80,tcp
104.97.114.112,192.168.10.14,80,tcp
104.97.114.112,192.168.10.14,80,mux
104.97.73.172,192.168.10.16,80,tcp
104.97.73.172,192.168.10.16,443,tcp
104.97.73.172,192.168.10.16,443,mux
107.178.254.65,192.168.10.16,80,sat-mon
144.76.67.119,192.168.10.16,443,tcp
146.148.13.21,192.168.10.17,443,tcp
146.148.13.21,192.168.10.17,443,visa
146.148.13.21,192.168.10.17,443,udp
146.148.13.21,192.168.10.17,443,visa
146.148.13.21,192.168.10.17,443,dcn
149.174.66.133,192.168.10.16,443,tcp
149.174.66.133,192.168.10.16,443,tcp
149.174.66.133,192.168.10.16,443,cpnx
149.174.66.134,192.168.10.16,443,tcp
151.101.0.175,192.168.10.16,80,tcp
151.101.0.207,192.168.10.16,443,tcp
151.101.0.249,192.168.10.16,443,cpnx
151.101.1.108,192.168.10.16,80,tcp
151.101.1.108,192.168.10.16,80,tcp
151.101.1.108,192.168.10.16,80,tcp
151.101.1.5,192.168.10.5,443,cpnx
151.101.124.166,192.168.10.16,80,cpnx
151.101.128.249,192.168.10.14,443,tcp
151.101.129.108,192.168.10.14,443,hmp
151.101.45.179,192.168.10.14,443,tcp
152.163.13.4,192.168.10.16,443,ospf
152.163.13.4,192.168.10.16,443,ipcv
152.163.13.4,192.168.10.16,443,hmp
162.213.33.50,192.168.10.51,443,tcp
172.217.10.66,192.168.10.9,443,ospf
172.217.11.2,192.168.10.14,443,hmp
172.217.11.2,192.168.10.14,443,tcp
172.217.11.2,192.168.10.14,443,prm
172.217.11.2,192.168.10.14,443,udp
172.217.11.2,192.168.10.14,443,tcp
172.217.11.2,192.168.10.16,80,tcp
172.217.11.2,192.168.10.16,443,udp
172.217.11.34,192.168.10.16,443,ipcv
172.217.11.38,192.168.10.16,80,tcp
172.217.11.6,192.168.10.5,443,udp
172.217.11.6,192.168.10.5,443,tcp
172.217.11.6,192.168.10.9,443,ipcv
172.217.11.6,192.168.10.9,443,tcp
172.217.12.130,192.168.10.14,443,tcp
172.217.12.130,192.168.10.14,443,tcp
172.217.12.130,192.168.10.16,443,ipcv
172.217.12.142,192.168.10.14,80,tcp
172.217.12.142,192.168.10.14,80,udp
172.217.12.142,192.168.10.14,80,ipcv
172.217.12.142,192.168.10.16,80,trunk-1
172.217.12.162,192.168.10.16,80,tcp
172.217.12.162,192.168.10.9,443,tcp
172.217.12.162,192.168.10.9,443,ipcv
172.217.12.170,192.168.10.16,80,trunk-1
172.217.12.202,192.168.10.9,443,tcp
172.217.3.104,192.168.10.14,443,tcp
172.217.3.97,192.168.10.9,443,trunk-2
172.217.3.97,192.168.10.9,443,tcp
172.217.3.98,192.168.10.9,443,ospf
172.217.6.198,192.168.10.16,443,trunk-2
172.217.6.206,192.168.10.9,443,cphb
172.217.7.131,192.168.10.14,443,ospf
172.217.7.131,192.168.10.14,443,tcp
172.217.7.131,192.168.10.14,443,trunk-2
172.217.7.132,192.168.10.16,80,cphb
172.217.7.132,192.168.10.16,80,ospf
172.217.7.132,192.168.10.9,443,tcp
173.239.42.221,192.168.10.16,443,xns-idp
174.35.72.217,192.168.10.17,443,wsn
174.35.72.217,192.168.10.17,443,ospf
178.250.0.77,192.168.10.16,443,tcp
178.250.0.77,192.168.10.16,443,xns-idp
178.250.2.85,192.168.10.16,443,wsn
185.13.88.201,192.168.10.17,443,ospf
185.167.164.37,192.168.10.9,443,tcp
192.168.10.12,192.168.10.3,27493,xns-idp
192.168.10.12,192.168.10.3,23851,pvp
192.168.10.12,192.168.10.3,48286,ospf
192.168.10.12,192.168.10.3,17171,tcp
192.168.10.12,192.229.163.97,54998,leaf-1
192.168.10.12,209.85.232.109,46694,pvp
192.168.10.12,209.85.232.109,46694,ospf
192.168.10.14,104.20.53.8,57763,tcp
192.168.10.14,104.20.53.8,57762,pvp
192.168.10.14,104.85.11.111,57796,leaf-1
192.168.10.14,104.85.11.111,57798,tcp
192.168.10.14,104.85.11.111,57840,leaf-2
192.168.10.14,104.85.11.111,57839,tcp
192.168.10.14,104.85.11.111,57834,tcp
192.168.10.14,104.85.11.111,57833,tcp
192.168.10.14,104.85.11.111,57838,leaf-2
192.168.10.14,104.88.89.135,57735,br-sat-mon
192.168.10.14,104.88.89.135,57746,udp
192.168.10.14,151.101.0.207,57783,tcp
192.168.10.14,151.101.128.249,57860,irtp
192.168.10.14,151.101.129.108,57870,br-sat-mon
192.168.10.14,151.101.45.179,57753,tcp
192.168.10.14,151.101.45.179,57752,tcp
192.168.10.14,152.195.12.73,57704,irtp
192.168.10.14,152.195.12.73,57861,iso-tp4
192.168.10.14,152.195.12.73,57861,tcp
192.168.10.14,157.240.18.35,57867,sctp
192.168.10.14,157.240.18.35,57867,sun-nd
192.168.10.14,157.240.18.35,57866,tcp
192.168.10.14,157.240.18.5,57817,sctp
192.168.10.14,157.240.18.5,57822,iso-tp4
192.168.10.14,157.240.18.5,57817,tcp
192.168.10.14,157.240.18.5,57822,tcp
192.168.10.14,157.240.18.5,57818,iso-tp4
192.168.10.14,157.240.18.5,57819,tcp
192.168.10.14,157.240.18.5,57818,tcp
192.168.10.14,157.240.18.5,57830,netblt
192.168.10.14,157.240.18.5,57831,tcp
192.168.10.14,157.240.18.5,57816,wb-mon
192.168.10.14,157.240.18.5,57819,udp
192.168.10.14,157.240.18.5,57831,netblt
192.168.10.14,157.240.18.5,57830,tcp
192.168.10.14,162.247.242.18,57790,wb-mon
192.168.10.14,172.217.10.227,57761,tcp
192.168.10.14,172.217.10.68,57749,tcp
192.168.10.14,172.217.11.2,57775,wb-mon
192.168.10.14,172.217.11.2,57844,tcp
192.168.10.14,172.217.11.2,57845,mfe-nsp
192.168.10.14,172.217.11.2,57842,tcp
192.168.10.14,172.217.11.2,57843,wb-expak
192.168.10.14,172.217.11.2,57841,mfe-nsp
192.168.10.14,172.217.12.130,57747,tcp
192.168.10.14,172.217.12.130,57755,tcp
192.168.10.14,172.217.12.130,57760,wb-expak
192.168.10.14,172.217.12.130,57754,mfe-nsp
192.168.10.14,172.217.12.142,57738,tcp
192.168.10.14,172.217.12.142,57737,tcp
192.168.10.14,172.217.12.142,57858,wb-expak
192.168.10.14,172.217.12.142,57859,mfe-nsp
192.168.10.14,172.217.12.142,57855,wb-expak
192.168.10.14,172.217.12.142,57854,tcp
192.168.10.14,172.217.12.142,57855,udp
192.168.10.14,172.217.3.104,57733,wb-expak
192.168.10.14,172.217.3.104,57734,tcp
192.168.10.14,172.217.3.97,57748,udp
192.168.10.14,172.217.6.238,57731,ospf
192.168.10.14,172.217.7.131,57851,udp
192.168.10.14,172.217.7.131,57850,merit-inp
192.168.10.14,172.217.7.131,57849,tcp
192.168.10.14,172.217.7.131,57848,tcp
192.168.10.14,178.255.83.1,57740,merit-inp
192.168.10.14,178.255.83.1,57739,vmtp
192.168.10.14,178.255.83.1,57740,tcp
192.168.10.14,178.255.83.1,57759,tcp
192.168.10.14,178.255.83.1,57758,merit-inp
192.168.10.14,178.255.83.1,57759,vmtp
192.168.10.14,178.255.83.1,57758,tcp
192.168.10.14,178.255.83.1,57757,tcp
192.168.10.14,178.255.83.1,57756,vmtp
192.168.10.14,178.255.83.1,57739,merit-inp
192.168.10.14,178.255.83.1,57809,tcp
192.168.10.14,178.255.83.1,57809,tcp
192.168.10.14,178.255.83.1,57757,vmtp
192.168.10.14,178.255.83.1,57756,sep
192.168.10.14,178.255.83.1,57852,tcp
192.168.10.14,178.255.83.1,57853,tcp
192.168.10.14,178.255.83.1,57852,secure-vmtp
192.168.10.14,178.255.83.1,57853,sep
192.168.10.14,178.255.83.1,57857,tcp
192.168.10.14,178.255.83.1,57856,udp
192.168.10.14,178.255.83.1,57857,secure-vmtp
192.168.10.14,178.255.83.1,57856,3pc
192.168.10.14,192.168.10.3,50959,tcp
192.168.10.14,192.168.10.3,59530,udp
192.168.10.14,192.168.10.3,49858,secure-vmtp
192.168.10.14,192.168.10.3,65417,tcp
192.168.10.14,192.168.10.3,57686,3pc
192.168.10.14,192.168.10.3,57410,udp
192.168.10.14,192.168.10.3,63082,ttp
192.168.10.14,192.168.10.3,59068,3pc
192.168.10.14,192.168.10.3,58794,udp
192.168.10.14,192.168.10.3,49749,ttp
192.168.10.14,192.168.10.3,53951,tcp
192.168.10.14,192.168.10.3,63439,3pc
192.168.10.14,192.168.10.3,61025,udp
192.168.10.14,192.168.10.3,61250,ttp
192.168.10.14,192.168.10.3,60066,tcp
192.168.10.14,192.168.10.3,59098,3pc
192.168.10.14,192.168.10.3,52039,udp
192.168.10.14,192.168.10.3,59979,tcp
192.168.10.14,192.168.10.3,49402,xtp
192.168.10.14,192.168.10.3,56788,vines
192.168.10.14,192.168.10.3,64386,tcp
192.168.10.14,192.168.10.3,51774,udp
192.168.10.14,192.168.10.3,60469,tcp
192.168.10.14,192.168.10.3,55906,tcp
192.168.10.14,192.168.10.3,54191,tcp
192.168.10.14,192.168.10.3,53217,nsfnet-igp
192.168.10.14,192.168.10.3,60995,udp
192.168.10.14,192.168.10.3,50606,tcp
192.168.10.14,192.168.10.3,54659,udp
192.168.10.14,192.168.10.3,62849,nsfnet-igp
192.168.10.14,192.168.10.3,56888,udp
192.168.10.14,192.168.10.3,57657,tcp
192.168.10.14,192.168.10.3,64057,tp++
192.168.10.14,192.168.10.3,59178,tcp
192.168.10.14,192.168.10.3,57628,tcp
192.168.10.14,192.168.10.3,62624,dgp
192.168.10.14,192.168.10.3,60352,tp++
192.168.10.14,192.168.10.3,64140,tcp
192.168.10.14,192.168.10.3,53779,dgp
192.168.10.14,192.168.10.3,57278,tcp
192.168.10.14,192.168.10.3,50022,il
192.168.10.14,192.168.10.3,54470,tcp
192.168.10.14,192.168.10.3,58589,dgp
192.168.10.14,192.168.10.3,53993,udp
192.168.10.14,192.168.10.3,61529,il
192.168.10.14,192.168.10.3,53720,tcp
192.168.10.14,192.168.10.3,64183,tcp
192.168.10.14,192.168.10.3,53619,sdrp
192.168.10.14,192.168.10.3,61610,tcp
192.168.10.14,192.168.10.3,49757,tcp
192.168.10.14,192.168.10.3,58415,tcp
192.168.10.14,192.168.10.3,51794,sdrp
192.168.10.14,192.168.10.3,65173,ospf
192.168.10.14,192.168.10.3,60179,eigrp
192.168.10.14,192.168.10.3,56764,tcp
192.168.10.14,192.168.10.3,56911,ipv6-frag
192.168.10.14,192.168.10.3,50960,ospf
192.168.10.14,192.168.10.3,55419,eigrp
192.168.10.14,192.168.10.3,59325,tcp
192.168.10.14,192.168.10.3,61130,ipv6-frag
192.168.10.14,192.168.10.3,54564,ospf
192.168.10.14,192.168.10.3,49672,eigrp
192.168.10.14,192.168.10.3,54841,tcp
192.168.10.14,192.168.10.3,55634,ipv6-route
192.168.10.14,192.168.10.3,63063,ospf
192.168.10.14,192.168.10.3,60874,eigrp
192.168.10.14,192.168.10.3,51642,tcp
192.168.10.14,192.168.10.3,58928,ipv6-route
192.168.10.14,192.168.10.3,50865,eigrp
192.168.10.14,192.168.10.3,64826,tcp
192.168.10.14,192.168.10.3,51925,tcp
192.168.10.14,192.168.10.3,65435,tcf
192.168.10.14,192.168.10.3,54526,idrp
192.168.10.14,192.168.10.3,58146,tcp
192.168.10.14,192.168.10.3,61992,tcp
192.168.10.14,192.168.10.3,53725,tcf
192.168.10.14,192.168.10.3,53674,tcp
192.168.10.14,192.168.10.3,59901,tcp
192.168.10.14,192.168.10.3,51972,tcf
104.16.207.165,192.168.10.5,443,udp
104.16.28.216,192.168.10.5,80,udp
104.16.28.216,192.168.10.5,80,udp
104.17.241.25,192.168.10.16,443,udp
104.19.196.102,192.168.10.5,443,udp
104.20.10.120,192.168.10.5,443,udp
104.20.10.120,192.168.10.5,443,udp
104.20.10.120,192.168.10.5,443,udp
104.28.13.116,192.168.10.8,443,arp
104.97.123.193,192.168.10.5,443,arp
104.97.125.160,192.168.10.5,443,arp
104.97.125.160,192.168.10.5,443,arp
104.97.125.160,192.168.10.5,443,udp
104.97.139.37,192.168.10.5,443,udp
104.97.140.32,192.168.10.16,80,udp
121.29.54.141,192.168.10.25,443,udp
121.29.54.141,192.168.10.25,443,udp
121.29.54.141,192.168.10.25,443,udp
121.29.54.141,192.168.10.25,443,udp
121.29.54.141,192.168.10.25,443,udp
121.29.54.141,192.168.10.25,443,udp
121.29.54.141,192.168.10.25,443,udp
138.201.37.241,192.168.10.5,443,udp
144.76.121.178,192.168.10.5,443,udp
145.243.233.163,192.168.10.5,443,udp
151.101.0.166,192.168.10.9,443,udp
151.101.0.249,192.168.10.16,80,udp
151.101.0.249,192.168.10.9,443,udp
151.101.1.108,192.168.10.5,443,udp
151.101.1.5,192.168.10.5,443,tcp
151.101.130.2,192.168.10.5,443,udp
151.101.130.2,192.168.10.5,443,tcp
151.101.130.2,192.168.10.5,443,tcp
151.101.2.2,192.168.10.5,443,udp
151.101.2.2,192.168.10.5,443,tcp
151.101.44.249,192.168.10.9,443,tcp
152.163.13.4,192.168.10.9,443,tcp
152.163.13.4,192.168.10.9,443,arp
