City,PacketSizeEntropy,TrafficPercentageOfS,TotalBytesFromCity
江苏省-常州市,7.570330631442847,88.2967882341765,274007220
江苏省-淮安市,2.3391914018614974,0.0578940984626323,179660
江苏省-盐城市,2.7388792256708596,0.19174721334300748,595040
江苏省-徐州市,2.3596606856065763,0.24369915898558558,756260
江苏省-连云港市,2.4198108959034736,0.06841854049641595,212320
江苏省-宿迁市,2.4643623316718193,0.05137190903324525,159420
江苏省-泰州市,2.256908989558354,0.01415933811893612,43940
江苏省-南京市,2.9877110700184035,0.041891532896260714,130000
江苏省-苏州市,2.7897170014624826,0.030155458834092902,93580
江苏省-无锡市,3.1421616605020173,0.03949404824435163,122560
江苏省-南通市,2.4528385678644478,0.016827506521867187,52220
江苏省-镇江市,1.811278124459133,0.0066188621976091926,20540
江苏省-扬州市,2.5492553971685,0.013134606775781436,40760
江苏省-常州市,7.52777171572589,88.58934563584035,294116220
江苏省-徐州市,2.3566439995981407,0.24520515901919623,814080
江苏省-苏州市,2.5779065701049424,0.020506052508386007,68080
江苏省-连云港市,2.215810459944246,0.07415672925329957,246200
江苏省-南京市,2.775599704144249,0.052614530730976314,174680
江苏省-淮安市,2.4252607520246885,0.04607837709654658,152980
江苏省-泰州市,2.3598063039211006,0.015656648198970398,51980
江苏省-宿迁市,2.12290745432705,0.045819340593062266,152120
江苏省-扬州市,2.063558608511122,0.015180743925127126,50400
江苏省-盐城市,2.7829938995848034,0.15993998063973222,531000
江苏省-南通市,2.5083614955614473,0.02221087414759671,73740
江苏省-无锡市,2.0992054464923324,0.02002412412981054,66480
江苏省-镇江市,2,0.0031686790891336776,10520
江苏省-常州市,7.529405755133805,88.03340876898781,266029320
江苏省-无锡市,2.24930911738953,0.025791607780130812,77940
江苏省-盐城市,2.7064539844576845,0.1327040101615096,401020
江苏省-连云港市,2.3487008328488455,0.0748532419792865,226200
江苏省-徐州市,2.25438892868297,0.2138049497914103,646100
江苏省-淮安市,2.3335807298356204,0.0554019883827239,167420
江苏省-宿迁市,2.5000453826131546,0.0420925392562566,127200
江苏省-苏州市,2.4650694618158373,0.018637199771323675,56320
江苏省-南京市,2.7583103755065466,0.04032544680634771,121860
江苏省-泰州市,2.6116415886206177,0.021125689513517464,63840
江苏省-南通市,2.5752090212947967,0.028895601634090617,87320
江苏省-扬州市,2.365596230357602,0.0130910444416471,39560
江苏省-镇江市,1.792481250360578,0.005248330759467215,15860
江苏省-常州市,7.498591335665987,89.74268952786423,287619020
江苏省-徐州市,1.9800293663462372,0.19824459181602044,635360
江苏省-连云港市,2.0888578725208005,0.06199199745342316,198680
江苏省-无锡市,2.440410816203254,0.032874355001473045,105360
江苏省-苏州市,2.2389205950315936,0.013947263369075978,44700
江苏省-南京市,2.4845699115651434,0.025448295310555633,81560
江苏省-淮安市,2.1104627346827254,0.03379793217311655,108320
江苏省-盐城市,2.5601352183603354,0.1450889813561595,465000
江苏省-宿迁市,1.9469774968583453,0.032643460708562166,104620
江苏省-南通市,2.353411192621123,0.02401300646273126,76960
江苏省-扬州市,2.2295739585136225,0.010608656701310587,34000
江苏省-泰州市,2.355388542207534,0.009884771891103513,31680
江苏省-镇江市,1.4591479170272448,0.004667808948576658,14960
江苏省-常州市,7.453185425738032,89.39937757544385,273289320
江苏省-南京市,2.7987792622221987,0.035054561594227554,107160
江苏省-徐州市,1.915220396321136,0.20082770113781429,613920
江苏省-盐城市,2.3271182633413123,0.14176881209132453,433380
江苏省-淮安市,2.1660606200874306,0.05559137922100625,169940
江苏省-连云港市,2.248548146472668,0.06550976581616283,200260
江苏省-南通市,2.5126624630322776,0.02089011108069589,63860
江苏省-无锡市,2.4262262379033688,0.04069417191416487,124400
江苏省-宿迁市,2.2469552489760822,0.03227401126247191,98660
江苏省-扬州市,2.925853014561283,0.01735717654152402,53060
江苏省-镇江市,1.9219280948873623,0.004756376685144351,14540
江苏省-泰州市,2.1266144718101816,0.013470948548434962,41180
江苏省-苏州市,3.007196489685617,0.021688292587693978,66300
江苏省-常州市,7.607129211371357,90.45780455862793,296841700
江苏省-盐城市,2.6975679952282983,0.15999152595262334,525020
江苏省-徐州市,2.0377536696870027,0.183126942984971,600940
江苏省-连云港市,1.891580965755416,0.04656337885330244,152800
江苏省-宿迁市,1.6585526997918874,0.03556857054815092,116720
江苏省-淮安市,2.0214066472509735,0.046898586423581454,153900
江苏省-南京市,3.0689572388064956,0.02835856044560422,93060
江苏省-泰州市,1.95006375643621,0.011110607283975176,36460
江苏省-苏州市,2.5521796970665487,0.019350618829742833,63500
江苏省-无锡市,2.57249035440471,0.02865719991730734,94040
江苏省-扬州市,2.345719283930527,0.016010732493144702,52540
江苏省-南通市,2.522620309531022,0.02380583217290567,78120
江苏省-镇江市,2.321928094887362,0.004412550561490964,14480
江苏省-常州市,7.596281467113009,89.959517351872,286620540
江苏省-南京市,2.8960955439166023,0.039107301458727456,124600
江苏省-连云港市,2.3595968984472098,0.06752443688467596,215140
江苏省-淮安市,1.9251496169845366,0.03917007401323584,124800
江苏省-徐州市,2.156841116873409,0.17178964992311305,547340
江苏省-无锡市,2.7221495555510455,0.026904316862296287,85720
江苏省-盐城市,2.553592619005212,0.14980042407882374,477280
江苏省-宿迁市,2.0688308969982323,0.03632647729400574,115740
江苏省-南通市,2.311789547218889,0.019315115022231842,61540
江苏省-苏州市,2.7685824788135225,0.021399163831910414,68180
江苏省-泰州市,2.1464657985040723,0.013866457290903522,44180
江苏省-扬州市,2.0048861640918427,0.009164792958225053,29200
江苏省-镇江市,1.9056390622295665,0.006854762952316273,21840
江苏省-南京市,3.268432304889683,0.0787748924862569,261360
江苏省-常州市,7.601309406124132,88.73972951542349,294421420
江苏省-泰州市,2.0387027575261962,0.0144010727081166,47780
江苏省-徐州市,2.3554823312377953,0.2172156776744552,720680
江苏省-淮安市,2.454366589929006,0.04742287107356772,157340
江苏省-扬州市,2.7744019192887706,0.018723202943244102,62120
江苏省-南通市,2.670418060034064,0.022327992177004555,74080
江苏省-盐城市,2.6502868237874084,0.13372683003635774,443680
江苏省-苏州市,3.0817680665470055,0.020212137626753855,67060
江苏省-宿迁市,2.222043806636411,0.02706003155577037,89780
江苏省-连云港市,2.4404238544735617,0.0702994181339706,233240
江苏省-无锡市,2.2609768596329824,0.02643311168902942,87700
江苏省-镇江市,0.8112781244591328,0.0033154416029569397,11000
江苏省-连云港市,2.4425238090683314,0.08247109959719173,261220
江苏省-常州市,7.527194612838674,88.59520859391668,280617580
江苏省-宿迁市,2.3145774292311456,0.02463840675509089,78040
江苏省-盐城市,2.685603849596467,0.1350629217046115,427800
江苏省-徐州市,2.367881627531782,0.21724987770775428,688120
江苏省-镇江市,2.7219280948873625,0.010759570761321086,34080
江苏省-无锡市,2.301074304283785,0.03672398095530718,116320
江苏省-淮安市,2.2723571873524717,0.052857022795198834,167420
江苏省-泰州市,2.4416298737872246,0.012874861961463436,40780
江苏省-南京市,2.8370004577203787,0.03772795498761355,119500
江苏省-苏州市,2.7219280948873625,0.016852872278149047,53380
江苏省-扬州市,2.6455933144511468,0.01360100670181081,43080
江苏省-南通市,2.2651253054903266,0.01691601529904882,53580
江苏省-常州市,7.458044648010343,87.97877490726047,272153120
江苏省-连云港市,2.290471126085866,0.07087358252834944,219240
江苏省-盐城市,2.643775996813728,0.15686324204550392,485240
江苏省-淮安市,2.2413961475080213,0.045891323552839286,141960
江苏省-南京市,2.6573048221701603,0.03797122333415401,117460
江苏省-徐州市,2.384513769989017,0.2484260659614394,768480
江苏省-无锡市,2.6300694656183765,0.032094185702492846,99280
江苏省-宿迁市,2.244356340404521,0.0489041943299065,151280
江苏省-苏州市,3.0391486719030705,0.012749745005099898,39440
江苏省-镇江市,1.9772170014624826,0.014172130350496439,43840
江苏省-南通市,3.0271691184406184,0.021840080439770516,67560
江苏省-扬州市,2.7966138511441443,0.020631052896183454,63820
江苏省-泰州市,2.260964047443681,0.016887593282617106,52240
江苏省-盐城市,2.666372717755329,0.21421282453539006,629420
江苏省-常州市,7.519565671765459,87.69870722209849,257684480
江苏省-徐州市,2.430869356322438,0.24491092242406884,719620
江苏省-连云港市,2.393158097254198,0.08107428912462365,238220
江苏省-宿迁市,2.290873989429438,0.031991365870685184,94000
江苏省-淮安市,2.194499333832813,0.04073113475961279,119680
江苏省-南京市,3.0565647621309537,0.02996978381460146,88060
江苏省-扬州市,2.855388542207534,0.011149331339613261,32760
江苏省-无锡市,3.4880471909383077,0.045904206687638484,134880
江苏省-南通市,2.575588697084778,0.01640408335071304,48200
江苏省-泰州市,1.8365916681089791,0.008297335105609625,24380
江苏省-镇江市,2.251629167387823,0.006112392883377722,17960
江苏省-苏州市,2.299896391167891,0.01020320371067172,29980
江苏省-常州市,7.5991280236326215,88.40781095623908,277892060
江苏省-盐城市,2.694762621118247,0.11689634478135319,367440
江苏省-徐州市,2.306293517309034,0.2374639932280036,746420
江苏省-连云港市,2.374585098544745,0.08022784734095811,252180
江苏省-宿迁市,2.1643007999517323,0.04295488915844303,135020
江苏省-苏州市,3.551632757878452,0.032170036970091534,101120
江苏省-南通市,2.212503842372268,0.013119979476330845,41240
江苏省-镇江市,1.584962500721156,0.002767793924444189,8700
江苏省-南京市,2.8415309049480966,0.0695766127903384,218700
江苏省-淮安市,2.274002985158408,0.06837405405075231,214920
江苏省-无锡市,2.9406353234034293,0.03653487980266329,114840
江苏省-扬州市,2.0545851693377997,0.010326734573271077,32460
江苏省-泰州市,2.075869296697727,0.010593969848734654,33300
江苏省-常州市,7.465441514380065,89.00996787457487,290009340
江苏省-淮安市,2.320541875016531,0.054975696457548066,179120
江苏省-连云港市,2.2838253459337388,0.05991712518112178,195220
江苏省-徐州市,2.3068698147927273,0.2336774020484524,761360
江苏省-盐城市,2.665656565949404,0.08235305311237884,268320
江苏省-无锡市,2.281010866621878,0.0272177577146905,88680
江苏省-南通市,2.2904619233779213,0.01851347705627121,60320
江苏省-南京市,3.0918335824322423,0.039648059783307606,129180
江苏省-泰州市,2.1895415173391393,0.012565347325658876,40940
江苏省-宿迁市,2.227640673097086,0.03133049963368974,102080
江苏省-苏州市,2.8423709931771084,0.012921375730587168,42100
江苏省-扬州市,2.299896391167891,0.008280729624970114,26980
江苏省-镇江市,1.584962500721156,0.00519310397533337,16920
江苏省-徐州市,2.3628202074759126,0.2416863970461894,768000
江苏省-常州市,7.561456959404488,88.0419361144808,279768360
江苏省-盐城市,2.397322740144686,0.1043846066409128,331700
江苏省-南通市,2.689525383210069,0.016980986959130705,53960
江苏省-连云港市,2.2494380168545747,0.06825752541577927,216900
江苏省-宿迁市,2.2380183125340465,0.03722222271174907,118280
江苏省-泰州市,2.4956029237290127,0.011473809943104252,36460
江苏省-南京市,2.8724223604246513,0.03447807507862046,109560
江苏省-淮安市,2.4124132984600735,0.05600956373213645,177980
江苏省-无锡市,2.0060710131011685,0.02399870395669584,76260
江苏省-扬州市,2.5046934208291405,0.0165844702139768,52700
江苏省-苏州市,2.9698814260874524,0.027258952750183498,86620
江苏省-镇江市,1.5219280948873624,0.0035182993736671843,11180
江苏省-常州市,7.60426532245326,88.31328788870451,258585440
江苏省-徐州市,2.308124559543625,0.20339155781253224,595540
江苏省-南京市,2.78538973575955,0.02083300034685238,61000
江苏省-盐城市,2.898609087345504,0.14483375060808454,424080
江苏省-泰州市,1.856564762130954,0.012206089055680394,35740
江苏省-连云港市,2.292146599716985,0.060784547569389946,177980
江苏省-苏州市,3.0009230918800163,0.019193682286772193,56200
江苏省-扬州市,2.4116022179746714,0.012055818233506377,35300
江苏省-淮安市,2.310362470468964,0.05240353398722999,153440
江苏省-宿迁市,2.316926358172021,0.02397502662867274,70200
江苏省-无锡市,2.4061518545101985,0.023455909242980678,68680
江苏省-南通市,1.6858157091530301,0.009870060820066128,28900
江苏省-镇江市,1.9056390622295665,0.007458897173364852,21840
江苏省-南通市,1.9986525468781666,0.013459604763853729,42620
江苏省-常州市,7.555057578840375,89.7040908103301,284049080
江苏省-宿迁市,2.1710553739610847,0.034845912474040834,110340
江苏省-徐州市,2.1177462860658776,0.2011993006816333,637100
江苏省-盐城市,2.566820316911236,0.17307371644257152,548040
江苏省-淮安市,2.1294896243176398,0.06195460494070447,196180
江苏省-南京市,2.8798813902643543,0.028384544255635222,89880
江苏省-连云港市,2.193134819307069,0.0629462323212418,199320
江苏省-无锡市,2.4591379510261233,0.033317416766461015,105500
江苏省-苏州市,2.823934896284056,0.022466360462237312,71140
江苏省-泰州市,2.355388542207534,0.010225762605668319,32380
江苏省-扬州市,1.8423709931771086,0.005299206192807733,16780
江苏省-常州市,7.413873940615251,87.8686051692603,273566460
江苏省-连云港市,2.234886118090813,0.06425858327136381,200060
江苏省-无锡市,2.4393225169229362,0.0513529055954496,159880
江苏省-宿迁市,2.2468310456710623,0.0427898053754428,133220
江苏省-苏州市,3.421898415277084,0.03278774457833059,102080
江苏省-徐州市,2.361006559131843,0.24934488750154818,776300
江苏省-南通市,2.3181987848261887,0.028580069676526803,88980
江苏省-盐城市,2.882429601132454,0.1914331482042029,596000
江苏省-淮安市,2.560941294529363,0.06278107910737164,195460
江苏省-南京市,2.834052915614942,0.035222414483343775,109660
江苏省-泰州市,2.1506140041158783,0.017807137141679544,55440
江苏省-扬州市,2.552832161679204,0.01745382092855098,54340
江苏省-镇江市,1.811278124459133,0.0061541260395847775,19160
江苏省-常州市,7.490254975945011,87.71477746448967,271656420
江苏省-盐城市,2.584154118204837,0.1292394150962331,400260
江苏省-徐州市,2.3741543703909445,0.2668674775821632,826500
江苏省-连云港市,2.3393261080797343,0.07306970378323477,226300
江苏省-南京市,2.95275508075487,0.04823956582065963,149400
江苏省-扬州市,2.35274578087187,0.013612985910301271,42160
江苏省-宿迁市,2.3258575419607315,0.04440364853853489,137520
江苏省-淮安市,2.66819196570526,0.048368721284704236,149800
江苏省-南通市,2.442215752170299,0.02012242129814932,62320
江苏省-无锡市,2.204356401467029,0.02808485565649916,86980
江苏省-泰州市,2.5701906367554077,0.01767492525450407,54740
江苏省-苏州市,3.044912733238945,0.021039425092866007,65160
江苏省-镇江市,2.6612262562697895,0.011585245124800988,35880
江苏省-徐州市,2.306472690183291,0.2864649621054594,912700
江苏省-常州市,7.473956838431745,88.58015761693291,282223380
江苏省-淮安市,2.2418004670562697,0.05800860556188343,184820
江苏省-苏州市,2.7199643047423914,0.020005781400900605,63740
江苏省-盐城市,2.5654802259049614,0.07525864863991132,239780
江苏省-泰州市,2.3242764617775693,0.014833279400793263,47260
江苏省-南京市,2.953787047026128,0.03814092494253909,121520
江苏省-宿迁市,2.3830949037770575,0.03579948896433516,114060
江苏省-无锡市,2.320850149569599,0.018900975148450492,60220
江苏省-连云港市,2.204066979653603,0.06713581176110196,213900
江苏省-南通市,2.0324876891689536,0.020081109099931296,63980
江苏省-镇江市,1.75,0.006214535170031879,19800
江苏省-扬州市,2.1967916319816365,0.013163515405612981,41940
江苏省-常州市,7.538770990364024,87.95175488454349,279772140
江苏省-南通市,2.6213526136130225,0.015007987493637166,47740
江苏省-徐州市,2.3151040116751544,0.23999576481760548,763420
江苏省-连云港市,2.363097391850472,0.08105696471217862,257840
江苏省-盐城市,2.4787474052468412,0.10735709528858593,341500
江苏省-淮安市,2.797695778825575,0.06037775613799653,192060
江苏省-南京市,2.860976109280742,0.06409360054886354,203880
江苏省-扬州市,2.5232314287976205,0.013410991756987045,42660
江苏省-宿迁市,2.4740215887242707,0.034907560353864074,111040
江苏省-无锡市,2.4619829449426054,0.023049552639997424,73320
江苏省-泰州市,2.4056390622295662,0.012725666814881284,40480
江苏省-苏州市,2.5697738350294776,0.023464520036134858,74640
江苏省-镇江市,2.4056390622295662,0.011021785536801824,35060
江苏省-常州市,7.562035526580187,87.66481980108594,270060840
江苏省-连云港市,2.289748636114321,0.08238636621849955,253800
江苏省-盐城市,2.506837160720045,0.11306863310176424,348320
江苏省-南京市,3.1331328741724858,0.048191804289985984,148460
江苏省-南通市,2.6695767463163937,0.024793816594834497,76380
江苏省-徐州市,2.3613781586098064,0.29040382563591044,894620
江苏省-无锡市,2.295974787712996,0.035220333864094566,108500
江苏省-苏州市,2.5445313041488338,0.016100724052157518,49600
江苏省-淮安市,2.277726081756088,0.05290516141170629,162980
江苏省-宿迁市,2.387647175544763,0.036557732716814104,112620
江苏省-泰州市,2.251629167387823,0.014490651646941764,44640
江苏省-扬州市,1.8423709931771086,0.005524885551768567,17020
江苏省-镇江市,0,0.0020969894632447087,6460
江苏省-常州市,7.4693126370268565,88.25009793653763,278708600
江苏省-徐州市,2.348356555208858,0.24050021917772824,759540
江苏省-淮安市,2.2864592007555564,0.0549242541782773,173460
江苏省-连云港市,2.2827844391403866,0.07220642754995017,228040
江苏省-南通市,1.7394541964918904,0.01165232649464202,36800
江苏省-盐城市,2.4856613964071155,0.10782201679226903,340520
江苏省-南京市,2.6368204240068085,0.04320226703611297,136440
江苏省-宿迁市,2.349031078377686,0.038629995444193654,122000
江苏省-无锡市,2.4968141896876457,0.037521757869974984,118500
江苏省-扬州市,2.421127473337187,0.0159206243519185,50280
江苏省-泰州市,2.10845859334435,0.01326085417379369,41880
江苏省-镇江市,1.8910611120726526,0.0077449974472539075,24460
江苏省-苏州市,2.4176286494293433,0.020049600914150343,63320
江苏省-常州市,7.4424846668185545,88.02683447171685,280972360
江苏省-盐城市,2.6888103894451842,0.15036211724297646,479940
江苏省-徐州市,2.297130839209361,0.2641315452040017,843080
江苏省-南通市,2.491205447394441,0.023083470430600713,73680
江苏省-宿迁市,2.3240541481467876,0.04673713516336881,149180
江苏省-南京市,3.0624321301644235,0.06597962639365512,210600
江苏省-连云港市,2.218020998101666,0.07825446856888499,249780
江苏省-淮安市,2.429231801659396,0.04232596166088703,135100
江苏省-扬州市,2.5492553971685,0.013020480878064136,41560
江苏省-无锡市,2.3641100641128987,0.03919302593469258,125100
江苏省-泰州市,2.3879185026711327,0.020044522776192095,63980
江苏省-苏州市,2.8895494308620875,0.014273655168541916,45560
江苏省-镇江市,1.75,0.005952577879769456,19000
江苏省-常州市,7.490072714044543,89.82814564374588,292152300
江苏省-徐州市,2.051467265190608,0.20969472199614617,682000
江苏省-宿迁市,2.1128568832565175,0.034018510325005295,110640
江苏省-连云港市,1.9962373408783638,0.07683681968744417,249900
江苏省-盐城市,2.2924696211329794,0.11735525145379629,381680
江苏省-扬州市,1.3787834934861756,0.005048661781784047,16420
江苏省-淮安市,1.8480208412025754,0.039380791778982994,128080
江苏省-南京市,2.710980541063141,0.04365462848828861,141980
江苏省-无锡市,2.6386573435308165,0.0362445950570465,117880
江苏省-苏州市,2.7855546320988784,0.0237182563853119,77140
江苏省-泰州市,2.3560376657099504,0.026196466736175445,85200
江苏省-南通市,2.4138338639736006,0.021621309165350436,70320
江苏省-镇江市,2.3535339485774815,0.012335707106283554,40120
江苏省-常州市,7.520818433291518,89.86804605319875,275829100
江苏省-徐州市,1.9464682646576337,0.17981487311077907,551900
江苏省-盐城市,2.0953217603936998,0.09432217025832676,289500
江苏省-南京市,2.776352363578731,0.030319934936925346,93060
江苏省-宿迁市,1.7981457277501014,0.03901907810064668,119760
江苏省-连云港市,2.0046625373516593,0.06418468926041579,197000
江苏省-苏州市,2.6219280948873624,0.020773684199208685,63760
江苏省-淮安市,2.134994206863861,0.040830585066575165,125320
江苏省-南通市,2.1999793267164867,0.01851907480995956,56840
江苏省-扬州市,2.406647097785926,0.020995235410869003,64440
江苏省-无锡市,2.4026464353038746,0.03173395296428679,97400
江苏省-泰州市,1.5709505944546687,0.00836681634623085,25680
江苏省-镇江市,1.4911148500551856,0.009168310435472591,28140
江苏省-常州市,7.513296141005126,89.92169061400243,280218900
江苏省-徐州市,2.004657829850348,0.20105544642883502,626540
江苏省-无锡市,3.228512576537732,0.04267301890718307,132980
江苏省-南京市,3.1748008763572906,0.034939376587562736,108880
江苏省-盐城市,2.229294305165347,0.1314398296313896,409600
江苏省-扬州市,1.7779849042597489,0.015640569570883615,48740
江苏省-宿迁市,2.3082708345352603,0.03284712148698495,102360
江苏省-连云港市,2.19138812791173,0.04932844387435841,153720
江苏省-南通市,1.9588718484453602,0.017315657243432085,53960
江苏省-淮安市,2.1241705843507033,0.04389243138911491,136780
江苏省-镇江市,1,0.0020601652984216824,6420
江苏省-苏州市,2.206238928653389,0.013618912035049252,42440
江苏省-泰州市,1.539484756931502,0.009902912945372759,30860
江苏省-常州市,7.5007403577026635,89.86373072855388,284936880
江苏省-南京市,2.881975956918246,0.04532658383957795,143720
江苏省-盐城市,2.276760662043371,0.09918107490864511,314480
江苏省-徐州市,2.027459953979174,0.1844223014613944,584760
江苏省-宿迁市,2.0671344080833047,0.03602283889616333,114220
江苏省-无锡市,2.906667331582321,0.03173365478665693,100620
江苏省-苏州市,3.4613201402110088,0.01744688712778634,55320
江苏省-淮安市,2.0553183400302846,0.047067487978142315,149240
江苏省-连云港市,1.9855780609549363,0.0431756841611343,136900
江苏省-扬州市,2.403088045919318,0.018777795726471414,59540
江苏省-泰州市,1.561278124459133,0.007014077543781058,22240
江苏省-南通市,1.9387084972868343,0.01831103157337807,58060
江苏省-镇江市,1.9219280948873623,0.00874236643496452,27720
江苏省-常州市,7.548086932092545,88.46087014930754,272874680
江苏省-徐州市,2.3059532787631034,0.21703290077173304,669480
江苏省-宿迁市,2.4066836334879187,0.04109322235440175,126760
江苏省-连云港市,2.3684544870209616,0.06304678039984263,194480
江苏省-镇江市,1.3787834934861756,0.005984386909610731,18460
江苏省-泰州市,2.1492553971685,0.012805161588820361,39500
江苏省-盐城市,2.4759619932346655,0.13705737257016384,422780
江苏省-淮安市,2.52811749727622,0.05427443425823557,167420
江苏省-无锡市,2.3315198939737636,0.028521471305934566,87980
江苏省-南京市,3.2625550894074373,0.04714892915134262,145440
江苏省-南通市,2.465347275584621,0.021817401896901525,67300
江苏省-扬州市,2.3685225277282065,0.012279987873025703,37880
江苏省-苏州市,3.2024376147229634,0.03483003952159138,107440
江苏省-常州市,7.442801355093665,88.46501063038309,289061280
江苏省-淮安市,2.743807030341831,0.056409736922884354,184320
江苏省-徐州市,2.2765085912977177,0.20396502424927032,666460
江苏省-泰州市,2.343767422366671,0.015675492215658293,51220
江苏省-连云港市,2.3409129225564103,0.06529720849537003,213360
江苏省-南京市,2.794230642253166,0.0265706019946008,86820
江苏省-盐城市,2.620864336570599,0.09473236744308605,309540
江苏省-南通市,2.521127314947403,0.028235472702394262,92260
江苏省-宿迁市,2.378890097037683,0.03010233140047149,98360
江苏省-无锡市,2.23047981961922,0.02728062038468919,89140
江苏省-镇江市,1.4591479170272448,0.0039051011454861347,12760
江苏省-扬州市,2.1709505944546685,0.007877531621066858,25740
江苏省-苏州市,1.5,0.002693173203783541,8800
江苏省-徐州市,2.3745076621632646,0.24889693819902373,812920
江苏省-常州市,7.4602913662231405,88.44977610542854,288885000
江苏省-南通市,2.7229074943218796,0.022865255307660155,74680
江苏省-连云港市,2.288676080027635,0.06768336018092332,221060
江苏省-南京市,2.9177433361023155,0.038596599947558104,126060
江苏省-镇江市,1.9717472571281809,0.008125922279931716,26540
江苏省-盐城市,2.6221402417952837,0.10872937151655429,355120
江苏省-无锡市,2.8988152646801844,0.03964984684442943,129500
江苏省-淮安市,2.3430021911622116,0.04581011648543268,149620
江苏省-泰州市,2.0042859090703913,0.013294180308765452,43420
江苏省-苏州市,2.5492553971685,0.013392156764288366,43740
江苏省-扬州市,2.1492553971685,0.011016227717857692,35980
江苏省-宿迁市,1.9479827112048864,0.02632504889331307,85980
江苏省-常州市,7.520101292624908,89.07716236150586,293642260
江苏省-徐州市,2.2584557841145365,0.2101869950770716,692880
江苏省-苏州市,2.8760335779708552,0.028600089331293023,94280
江苏省-无锡市,2.2023790817703977,0.025056930194790026,82600
江苏省-连云港市,2.36252542459684,0.07919931398614746,261080
江苏省-盐城市,2.5796891866651737,0.12867006672423895,424160
江苏省-宿迁市,2.418511904544314,0.04761423442341698,156960
江苏省-淮安市,2.3968299877725885,0.042657451864302344,140620
江苏省-泰州市,2.2389205950315936,0.012728677856820697,41960
江苏省-南京市,3.011647793711051,0.03736698137281157,123180
江苏省-扬州市,1.9219280948873623,0.004077059828304818,13440
江苏省-南通市,2.41379956460568,0.01177008343290379,38800
江苏省-镇江市,2.5,0.007517079058437008,24780
江苏省-常州市,7.443779881775793,88.6573208919691,286078060
江苏省-连云港市,2.21937640272825,0.07067717322545627,228060
江苏省-宿迁市,2.3684475466962795,0.03540986500368602,114260
江苏省-徐州市,2.401397311815164,0.2238637325753775,722360
江苏省-盐城市,2.7017468545621264,0.11738001460525221,378760
江苏省-扬州市,2.5306390622295662,0.012972667154334823,41860
江苏省-淮安市,2.301951562163229,0.049696533800027046,160360
江苏省-无锡市,2.3988381762291624,0.029472065130846672,95100
江苏省-南京市,2.8265812346650248,0.04045513545931361,130540
江苏省-南通市,2.4772170014624826,0.013865196571546584,44740
江苏省-泰州市,2.2359263506290326,0.005423355833752017,17500
江苏省-苏州市,0.9456603046006401,0.007617490651064261,24580
江苏省-镇江市,1.584962500721156,0.0027271732192581566,8800
江苏省-常州市,7.489488150674986,89.07614610312929,309340380
江苏省-镇江市,2.321928094887362,0.0044172315338269225,15340
江苏省-徐州市,2.358414391405966,0.20659052096667455,717440
江苏省-淮安市,2.4614168878425753,0.05964702346264073,207140
江苏省-盐城市,2.770671506842651,0.14315400813081594,497140
江苏省-宿迁市,2.3640481933547433,0.04041162147700589,140340
江苏省-南京市,2.7939757305365647,0.05019633643915966,174320
江苏省-泰州市,2.1868085945630504,0.014426551489226131,50100
江苏省-苏州市,2.8855130303998817,0.014829688656589735,51500
江苏省-无锡市,2.138163131130315,0.03067297933397939,106520
江苏省-连云港市,2.375724812892931,0.06747364361188557,234320
江苏省-南通市,2.1800365325772657,0.011967414768308144,41560
江苏省-扬州市,1.9717472571281809,0.0071873597838539765,24960
江苏省-常州市,7.486435590218353,88.7247651204024,293942840
江苏省-苏州市,3.1820058147602137,0.021328268800177727,70660
江苏省-徐州市,2.38960713465096,0.23619261726774796,782500
江苏省-南通市,2.60845859334435,0.014729967696697892,48800
江苏省-南京市,2.6126502330422663,0.03417473243074048,113220
江苏省-淮安市,2.3911036631031117,0.06272913702310975,207820
江苏省-连云港市,2.2048801138289504,0.06003065523605075,198880
江苏省-盐城市,2.6010930462909836,0.11658407219615971,386240
江苏省-扬州市,2.2841591278514217,0.00998498629931898,33080
江苏省-泰州市,2.3993974703476995,0.012411808846070026,41120
江苏省-宿迁市,2.4493506655909356,0.03576242976854029,118480
江苏省-无锡市,2.6998468320206306,0.034168695558733635,113200
江苏省-镇江市,2.1709505944546685,0.0081377034652249,26960
江苏省-常州市,7.437912318494932,89.41804763048685,294208840
江苏省-苏州市,3.001515280317513,0.02741422690178145,90200
江苏省-淮安市,2.146656293633302,0.02895817670955362,95280
江苏省-南通市,2.6062389286533896,0.014789094024841302,48660
江苏省-徐州市,2.3087359509723426,0.20679809610321656,680420
江苏省-扬州市,2.307820398454125,0.01785875801273479,58760
江苏省-连云港市,2.5170736943165504,0.061168373683509254,201260
江苏省-南京市,2.956801781775028,0.03735264397149601,122900
江苏省-盐城市,2.603710126052741,0.14476656937756696,476320
江苏省-无锡市,2.5420235727667224,0.03401552411139002,111920
江苏省-宿迁市,2.3727069617019705,0.03146861478282097,103540
江苏省-镇江市,1.9182958340544896,0.007713670496310568,25380
江苏省-泰州市,2.2464393446710154,0.009050949857373078,29780
江苏省-常州市,7.408611224475702,90.70306433453479,326500120
江苏省-苏州市,2.9780948881692604,0.015218107314159074,54780
江苏省-徐州市,2.1756230160336036,0.168377050805254,606100
江苏省-连云港市,2.3516506708761797,0.060616849506197695,218200
江苏省-淮安市,2.15355542441424,0.029930611208972228,107740
江苏省-无锡市,2.301629105209879,0.025841335201954675,93020
江苏省-盐城市,2.554170843082743,0.1892179126290622,681120
江苏省-南京市,2.9615414811193563,0.030436214628318147,109560
江苏省-泰州市,1.784159127851422,0.00951201158154083,34240
江苏省-南通市,2.2810361125534233,0.006550620125371868,23580
江苏省-宿迁市,2.1020756716101934,0.026508064985707534,95420
江苏省-扬州市,2.251629167387823,0.0051504875794908585,18540
江苏省-常州市,7.395896669332208,89.7878731055634,323208060
江苏省-无锡市,2.743272036100682,0.032758421917473336,117920
江苏省-徐州市,2.3131908292103582,0.17529311592542124,631000
江苏省-淮安市,2.130869114691739,0.05428808354064314,195420
江苏省-盐城市,2.526742665143371,0.13703976875754406,493300
江苏省-南京市,2.965162555964531,0.031191618155477493,112280
江苏省-宿迁市,2.6096174610993157,0.04052021218523288,145860
江苏省-连云港市,2.400961317850251,0.06958942240779402,250500
江苏省-南通市,2.5901998765158556,0.018973882436935454,68300
江苏省-苏州市,2.5941178916311856,0.014001225107196879,50400
江苏省-扬州市,2.0414460711655216,0.013334500102092266,48000
江苏省-泰州市,1.5709505944546687,0.006311663381657006,22720
江苏省-镇江市,1.5,0.0023779858515397875,8560
江苏省-常州市,7.236446869953074,89.84389301960671,295152480
江苏省-徐州市,2.3043197458837885,0.21575137872613115,708780
江苏省-盐城市,2.7125586287466574,0.14228182150197272,467420
江苏省-淮安市,2.1515820590333323,0.03541369028612277,116340
江苏省-宿迁市,2.367825724246088,0.03950480252134273,129780
江苏省-南通市,2.1960573527849245,0.023767413937944525,78080
江苏省-连云港市,2.2913565280443984,0.043729849978549055,143660
江苏省-南京市,3.024293321529762,0.036874801798701326,121140
江苏省-扬州市,2.1709505944546685,0.007877826238652718,25880
江苏省-苏州市,3.0565647621309537,0.013947526980489474,45820
江苏省-无锡市,2.2239850048888323,0.02689053979608119,88340
江苏省-泰州市,2.1333874913165967,0.015146856013731039,49760
江苏省-镇江市,2.2359263506290326,0.009722479523283147,31940
江苏省-宿迁市,2.4780715063364003,0.05429703015491403,177000
江苏省-南通市,2.486328667787185,0.013767518154534133,44880
江苏省-常州市,7.390274560865154,89.127286595186,290541300
江苏省-盐城市,2.6454885391830505,0.1689895365634974,550880
江苏省-淮安市,2.421252294158306,0.044063420403682774,143640
江苏省-苏州市,2.141619525334138,0.014209256704946993,46320
江苏省-连云港市,2.278758328831409,0.0605979397559419,197540
江苏省-南京市,2.836538093392999,0.04098965632372662,133620
江苏省-徐州市,2.283231784752108,0.2370908964188133,772880
江苏省-镇江市,2.1219280948873624,0.008994287707017398,29320
江苏省-无锡市,2.6411209338130166,0.029578077104727745,96420
江苏省-泰州市,1.784159127851422,0.009669166047925934,31520
江苏省-扬州市,2.5216406363433186,0.011307279839040289,36860
江苏省-常州市,7.397008793746034,87.76481398158617,255564240
江苏省-淮安市,2.300630419283163,0.0494244109748292,143920
江苏省-连云港市,2.34482365255544,0.08903399659070468,259260
江苏省-徐州市,2.2773023399706034,0.2636815677785808,767820
江苏省-宿迁市,2.3632423030583554,0.03990492325788739,116200
江苏省-南京市,2.9909421302631705,0.06322286034231556,184100
江苏省-盐城市,2.6850096169274,0.12294287888402482,358000
江苏省-无锡市,2.5086217800361656,0.026079000621376663,75940
江苏省-苏州市,2.6644977792004614,0.012575888895902203,36620
江苏省-南通市,2.4481203125901447,0.021436018156259302,62420
江苏省-扬州市,2.3071885761626687,0.01683424559467848,49020
江苏省-泰州市,2.4464393446710155,0.008544186666576921,24880
江苏省-镇江市,2.1219280948873624,0.009382121371819995,27320
江苏省-常州市,7.540938837059511,88.52646410142255,291623400
江苏省-南通市,2.5442882568124565,0.026343313172816202,86780
江苏省-徐州市,2.378964676820028,0.24429643591790237,804760
江苏省-无锡市,2.2620158956199647,0.02495905979567813,82220
江苏省-南京市,2.601251788912696,0.04064726473657628,133900
江苏省-连云港市,2.325442183161156,0.07355971016405649,242320
江苏省-镇江市,1.584962500721156,0.002641009732697637,8700
江苏省-盐城市,2.569385295347517,0.1513632497606547,498620
江苏省-淮安市,2.2028907522657057,0.04960241268078091,163400
江苏省-宿迁市,2.1531259823611513,0.020472378893463063,67440
江苏省-苏州市,3.040391277420701,0.024333717261269264,80160
江苏省-泰州市,2.2588718484453603,0.01653818508475486,54480
江苏省-扬州市,2.35274578087187,0.010873674554624065,35820
江苏省-徐州市,2.289445765900265,0.2345490379130957,782460
江苏省-常州市,7.4964762613202565,88.67332522226793,295815880
江苏省-淮安市,2.2919214690006786,0.04800932177000921,160160
江苏省-无锡市,2.2985947624359855,0.041402644373586865,138120
江苏省-宿迁市,2.5109633587555265,0.032955449771446134,109940
江苏省-泰州市,2.3405038327557683,0.019250491034403044,64220
江苏省-连云港市,2.258702237361973,0.06751160994656265,225220
江苏省-苏州市,2.75,0.012038301462809502,40160
江苏省-盐城市,2.622472929702206,0.09249348354991285,308560
江苏省-南通市,2.346295218312232,0.0244842744891006,81680
江苏省-南京市,3.620883373531503,0.037361899759078096,124640
江苏省-扬州市,2.146782221599798,0.012601847447622298,42040
江苏省-镇江市,0,0.0011570678198815907,3860
江苏省-常州市,7.494685720431194,88.89215994482832,293675180
江苏省-连云港市,2.3067233446000723,0.05985366454015744,197740
江苏省-无锡市,2.3011918515205103,0.027151176844604642,89700
江苏省-徐州市,2.2469709665398523,0.21572624010200367,712700
江苏省-盐城市,2.6701037724009566,0.14679796818390592,484980
江苏省-宿迁市,2.243003745793974,0.04120198653386381,136120
江苏省-淮安市,2.367553727063625,0.0566209491700306,187060
江苏省-南通市,2.406666316740689,0.011944096301985499,39460
江苏省-南京市,3.034788370196344,0.035559869071395245,117480
江苏省-泰州市,2.4528385678644478,0.01819764494869154,60120
江苏省-扬州市,1.75,0.00592059107113118,19560
江苏省-苏州市,2.682024710355254,0.018373204397631012,60700
江苏省-镇江市,1.8423709931771086,0.005514988206339984,18220
江苏省-常州市,7.511146177844817,90.70144000084251,316939620
江苏省-宿迁市,1.8506205521726662,0.03647064230627704,127440
江苏省-徐州市,2.1231658800655873,0.19080693700005616,666740
江苏省-南通市,1.8163401138534079,0.01287805166182099,45000
江苏省-无锡市,1.9150672972073723,0.023512460545226946,82160
江苏省-南京市,2.5157895841746822,0.0308214703106249,107700
江苏省-连云港市,2.0913036806084055,0.07465263458894719,260860
江苏省-淮安市,1.9565415847880652,0.029321892739337302,102460
江苏省-泰州市,2.1055872616982603,0.011716165222998919,40940
江苏省-盐城市,2.1546716154290735,0.0683738689564949,238920
江苏省-苏州市,2.103909910282364,0.009237855725412924,32280
江苏省-扬州市,1.8910611120726526,0.008007286344394474,27980
江苏省-镇江市,1.8423709931771086,0.006427578673877765,22460
江苏省-常州市,7.423371754386301,90.47071133642207,303015960
江苏省-徐州市,2.1171414045761017,0.20521737115753358,687340
江苏省-连云港市,1.9122418817995266,0.0631529932016782,211520
江苏省-南京市,2.261188059974186,0.04331616988322369,145080
江苏省-泰州市,2.1333874913165967,0.013823674287243293,46300
江苏省-宿迁市,2.122223545051709,0.030895762748249154,103480
江苏省-淮安市,2.37858475015805,0.043674450858271034,146280
江苏省-盐城市,2.3851038773309874,0.10806351342386257,361940
江苏省-苏州市,2.8453509366224363,0.009673586326278244,32400
江苏省-无锡市,1.9613348367849288,0.0203384166835208,68120
江苏省-南通市,2.311789547218889,0.018893350084163187,63280
江苏省-扬州市,1.7735572622751852,0.012563719524993472,42080
江苏省-镇江市,1.584962500721156,0.0024781100774107848,8300
江苏省-常州市,7.3817300605186436,90.88312261566836,315183160
江苏省-徐州市,1.9122319480495744,0.17036305652811268,590820
江苏省-盐城市,2.225204716607686,0.12665493542772455,439240
江苏省-淮安市,2.2466924887582387,0.047306731413970696,164060
江苏省-泰州市,2.1492553971685,0.011534007415328708,40000
江苏省-无锡市,2.2195724263372387,0.026066856758642877,90400
江苏省-宿迁市,2.0220084102004283,0.029106067712581993,100940
江苏省-南通市,2.5150849518197798,0.022006886148447175,76320
江苏省-连云港市,1.9494247165083827,0.05418676683721427,187920
江苏省-南京市,2.372650624707928,0.025161437176539576,87260
江苏省-扬州市,2.1333874913165967,0.013731235827948825,47620
江苏省-镇江市,1.4591479170272448,0.00499422521083733,17320
江苏省-苏州市,2.4508257945180887,0.010818898955578327,37520
江苏省-常州市,7.400531557083924,90.3040916898332,281737460
江苏省-无锡市,2.0633677072354275,0.021423936627200553,66840
江苏省-连云港市,2.0886634134788262,0.049848154163109365,155520
江苏省-徐州市,2.1106864162671846,0.16624385055451585,518660
江苏省-扬州市,1.922023142851573,0.011006851941622786,34340
江苏省-南通市,2.4609049321677965,0.01390440411262657,43380
江苏省-淮安市,1.9923536930233805,0.026507473953762503,82700
江苏省-镇江市,2.251629167387823,0.006673344712422435,20820
江苏省-盐城市,2.324455786503613,0.12651789744896175,394720
江苏省-南京市,2.725480556997868,0.02058415933870167,64220
江苏省-宿迁市,1.8782057032546184,0.0291934791742284,91080
江苏省-泰州市,1.9591904234199458,0.011795345120900365,36800
江苏省-苏州市,2.4225797618424916,0.01303257425586437,40660
江苏省-常州市,7.48794129182054,89.28257695315969,302611420
江苏省-连云港市,2.4568575257728575,0.058323574874010395,197680
江苏省-盐城市,2.563022767404878,0.1037243827534758,351560
江苏省-淮安市,2.4114483906268394,0.05464737220843892,185220
江苏省-徐州市,2.260750946280747,0.20256879824462798,686580
江苏省-南京市,2.743987967896788,0.028542202718088657,96740
江苏省-扬州市,1.870253816431622,0.009500299023386963,32200
江苏省-宿迁市,2.4324572957073083,0.03739341298832496,126740
江苏省-泰州市,2.3745560483818835,0.01453958807057483,49280
江苏省-无锡市,2.2751286400684925,0.0280642373634959,95120
江苏省-南通市,2.4925365325772657,0.02465357100603151,83560
江苏省-镇江市,1.9182958340544896,0.004437406748811799,15040
江苏省-苏州市,2.6635327548042547,0.01181341530734205,40040
江苏省-常州市,7.450392490916782,88.97810878529057,304082580
江苏省-无锡市,2.1458620347709894,0.02435114242029873,83220
江苏省-盐城市,2.406921627651218,0.07315291522560301,250000
江苏省-泰州市,2.486328667787185,0.013302126104623651,45460
江苏省-徐州市,2.2399656828699372,0.18758163133810024,641060
江苏省-苏州市,3.1808329872054406,0.010797370287299003,36900
江苏省-宿迁市,2.321719043316085,0.028775430733143197,98340
江苏省-连云港市,2.3998235284950034,0.06356695721443999,217240
江苏省-淮安市,2.245416766273817,0.05100806472850846,174320
江苏省-南京市,2.9727729101945686,0.025667894894359583,87720
江苏省-南通市,2.556148933685849,0.023648874434132938,80820
江苏省-扬州市,2.1709505944546685,0.006864669564770586,23460
江苏省-镇江市,1,0.0013694225730232882,4680
江苏省-常州市,7.458023726907996,88.82015840166599,301151000
江苏省-徐州市,2.370683157758473,0.22255842261821196,754600
江苏省-无锡市,2.3567043794939693,0.024284999361759308,82340
江苏省-盐城市,2.4869807493471225,0.07995704793506131,271100
江苏省-淮安市,2.3285882315773536,0.05165502536092452,175140
江苏省-泰州市,2.797330817147107,0.02246819591181472,76180
江苏省-南京市,2.9207051613407438,0.026561902386689863,90060
江苏省-连云港市,2.266055975250583,0.07612878352267807,258120
江苏省-镇江市,2.221251836004466,0.010086798374692353,34200
江苏省-南通市,2.400053978934784,0.03307997969899106,112160
江苏省-宿迁市,2.484553798490429,0.033799622623969114,114600
江苏省-苏州市,2.1556390622295662,0.0059812944748175705,20280
江苏省-扬州市,2.4885548621928453,0.014003543474572892,47480
江苏省-常州市,7.38533564193493,89.02774816094713,292248540
江苏省-徐州市,2.3780745570204727,0.2275770805941996,747060
江苏省-连云港市,2.351232008710203,0.08137283453581051,267120
江苏省-盐城市,2.8836482485383494,0.1652009889516698,542300
江苏省-淮安市,2.2383880837576395,0.03048739622770259,100080
江苏省-宿迁市,2.293833954495735,0.033247346365821946,109140
江苏省-苏州市,2.4056390622295662,0.012934600757676377,42460
江苏省-南京市,3.1330201924480456,0.04553003837122731,149460
江苏省-无锡市,2.397474343735863,0.023212825664977392,76200
江苏省-南通市,2.331164445867128,0.016779034614526966,55080
江苏省-扬州市,2.2797991318374056,0.01298334159896767,42620
江苏省-泰州市,2.2841591278514217,0.011673431489264221,38320
江苏省-镇江市,2.1867043459100244,0.009309500686636602,30560
江苏省-常州市,7.44618038894777,89.06557071602312,294172340
江苏省-徐州市,2.3386924090006476,0.20701971719294876,683760
江苏省-盐城市,2.678833754213186,0.08529541758452897,281720
江苏省-连云港市,2.2721832789004464,0.07316053068694299,241640
江苏省-南京市,2.636186417911213,0.029410751328131278,97140
江苏省-无锡市,2.1980854601465896,0.025202295043788837,83240
江苏省-宿迁市,2.455663874832481,0.04667450509311013,154160
江苏省-淮安市,2.4384721382194345,0.0481277849610845,158960
江苏省-苏州市,2.2272170014624826,0.012873637497139613,42520
江苏省-南通市,3.0391486719030705,0.013903044070288122,45920
江苏省-镇江市,0.9182958340544896,0.0019437618234157176,6420
江苏省-扬州市,2.2904619233779213,0.016361509180278094,54040
江苏省-泰州市,2.2810361125534233,0.007018130695759553,23180
江苏省-常州市,7.443409477004535,89.10766924988147,293942320
江苏省-徐州市,2.353702797914118,0.2294578644157816,756920
江苏省-盐城市,2.455216381590085,0.08774886835305203,289460
江苏省-泰州市,1.8464393446710154,0.006657103396092802,21960
江苏省-扬州市,2.665957320949175,0.016600317940347987,54760
江苏省-南京市,2.8794535990738748,0.03754169784026105,123840
江苏省-连云港市,2.312004462407831,0.06721370514488598,221720
江苏省-宿迁市,2.066418150893486,0.03016310509613997,99500
江苏省-淮安市,2.7509804759746985,0.06127202816112373,202120
江苏省-无锡市,2.2727748051117054,0.0270649449546068,89280
江苏省-南通市,2.611394799166164,0.020929254028517624,69040
江苏省-苏州市,2.5039975273348483,0.019425645975483914,64080
江苏省-镇江市,1,0.0025464329930409623,8400
江苏省-常州市,7.407530375380689,90.01320740729543,296508960
江苏省-徐州市,2.2817750841486975,0.1986241540304389,654280
江苏省-宿迁市,2.305072522229699,0.046216514656712754,152240
江苏省-淮安市,2.530222000253458,0.05182054027785645,170700
江苏省-南通市,2.67483503096275,0.017121725083017597,56400
江苏省-连云港市,2.3089806694424255,0.05381807487087518,177280
江苏省-无锡市,2.460238441787437,0.027856196695349198,91760
江苏省-盐城市,2.361388066598374,0.04758868127684111,156760
江苏省-南京市,2.9161631150598883,0.03353915225481887,110480
江苏省-泰州市,2.3516441151533924,0.015506697114193953,51080
江苏省-苏州市,2.299896391167891,0.007346555798032374,24200
江苏省-扬州市,1.9182958340544896,0.004802583170449262,15820
江苏省-镇江市,1.784159127851422,0.008415145732291629,27720
江苏省-常州市,7.438124950576996,89.70946087278143,299786860
江苏省-徐州市,2.2794286670280997,0.2020975218695098,675360
江苏省-连云港市,2.320378347428705,0.06099792534038273,203840
江苏省-盐城市,2.3422386055879136,0.06302680060435346,210620
江苏省-宿迁市,2.6583445441575106,0.04058947504498388,135640
江苏省-无锡市,2.6399348820243445,0.03479610850951581,116280
江苏省-淮安市,2.292702543917756,0.05755661773925242,192340
江苏省-南京市,3.0081735610156093,0.03845885677367537,128520
江苏省-镇江市,2.2577560641285177,0.011149836627662188,37260
江苏省-泰州市,1.9362600275315274,0.008408760312327093,28100
江苏省-南通市,2.3502090290998976,0.01418417219944143,47400
江苏省-扬州市,1.9056390622295665,0.005829275832175508,19480
江苏省-苏州市,3.355388542207534,0.057035932936994445,190600
江苏省-常州市,7.4167238978105985,90.48887525845251,300129900
江苏省-徐州市,2.125093110024791,0.18805700816115678,623740
江苏省-连云港市,2.347405974092138,0.05561451201687719,184460
江苏省-宿迁市,2.0547371429981705,0.022787297073813176,75580
江苏省-盐城市,2.1777305397201143,0.05847875285044725,193960
江苏省-淮安市,2.2610276044371003,0.03875468597337848,128540
江苏省-南通市,2.584962500721156,0.013265957544956068,44000
江苏省-泰州市,1.3787834934861756,0.005227993268853141,17340
江苏省-扬州市,2.6688388898504303,0.015340270906531018,50880
江苏省-无锡市,2.4524754093359897,0.02737008240752527,90780
江苏省-南京市,2.6749179589818506,0.028775067911150164,95440
江苏省-镇江市,0.9182958340544896,0.002176823033513246,7220
江苏省-苏州市,2.7773627950641693,0.010347446885065734,34320
江苏省-常州市,7.4448984528444235,88.73898514405249,292876720
江苏省-徐州市,2.3901595723306586,0.22488591634602653,742220
江苏省-无锡市,2.622348460215966,0.03700731026178718,122140
江苏省-宿迁市,2.3451036599979815,0.03640132843336427,120140
江苏省-连云港市,2.3678351113272185,0.08425571342392156,278080
江苏省-南京市,2.9182285020724623,0.05894385245069656,194540
江苏省-淮安市,2.45353351752238,0.03818291500892763,126020
江苏省-盐城市,2.416023007585037,0.07817165586655553,258000
江苏省-苏州市,2.0588138903312014,0.008186814501993529,27020
江苏省-扬州市,1.4854752972273344,0.006508244837262065,21480
江苏省-泰州市,2.5032583347756456,0.008556463417331505,28240
江苏省-镇江市,1.9182958340544896,0.005417477546100825,17880
江苏省-南通市,2.6062389286533896,0.011277321826950376,37220
江苏省-盐城市,2.444407438973614,0.09451799933314156,305640
江苏省-常州市,7.458407270800728,88.6381410990077,286626480
江苏省-泰州市,2.4687304374117938,0.019167077603285284,61980
江苏省-徐州市,2.336886426599445,0.24525076740983262,793060
江苏省-淮安市,2.3255821864910127,0.053852128006390755,174140
江苏省-宿迁市,2.4872740987917856,0.04443248967473426,143680
江苏省-连云港市,2.3309784960476545,0.06798467796557335,219840
江苏省-南京市,3.725717027264364,0.12231304507343328,395520
江苏省-扬州市,2.1556390622295662,0.006389025867761761,20660
江苏省-南通市,2.4216470425285626,0.01663125901104683,53780
江苏省-苏州市,2.7192945256669794,0.01212863477897465,39220
江苏省-无锡市,2.4591379510261233,0.03237188905311235,104680
江苏省-镇江市,2.5032583347756456,0.007990921027248979,25840
江苏省-常州市,7.424769944055744,88.5047223405243,276265880
江苏省-盐城市,2.5252009442042125,0.07661105055938497,239140
江苏省-南通市,2.1359327568142765,0.01689582172159389,52740
江苏省-徐州市,2.3056267357753817,0.23741288512398181,741080
江苏省-淮安市,2.424725504693323,0.06405931951933853,199960
江苏省-连云港市,2.2852898045883427,0.04655481252525644,145320
江苏省-无锡市,2.567599150443695,0.0368094409520504,114900
江苏省-泰州市,2.3158243335257076,0.011411247055805354,35620
江苏省-宿迁市,2.4564245421059905,0.04471594228100257,139580
江苏省-扬州市,2.549787381523038,0.01806834177280803,56400
江苏省-南京市,2.904441580589672,0.04290910810372176,133940
江苏省-苏州市,2.792481250360578,0.0109819637583663,34280
江苏省-镇江市,1.5,0.002947318161521877,9200
江苏省-常州市,7.433194610050503,89.18975588183437,294610460
江苏省-徐州市,2.4060308514908586,0.20425727006934394,674700
江苏省-南京市,2.6333658520289327,0.03860513869755853,127520
江苏省-宿迁市,2.38987856722501,0.0508902432172176,168100
江苏省-苏州市,2.8453509366224363,0.018582053115245783,61380
江苏省-连云港市,2.3328012921048193,0.055019588353938886,181740
江苏省-淮安市,2.4124144922558446,0.047826535535134065,157980
江苏省-扬州市,2.7773627950641693,0.011413219329500913,37700
江苏省-南通市,2.176908169168578,0.013235701567262068,43720
江苏省-盐城市,2.3931066255826705,0.07647159688678862,252600
江苏省-泰州市,2.3720946377956236,0.013356796732561812,44120
江苏省-无锡市,2.3575150594523366,0.021324858609284996,70440
江苏省-镇江市,2.256564762130954,0.011122590932781527,36740
江苏省-常州市,7.347669655798015,88.70690548399945,284062380
江苏省-泰州市,2.1492553971685,0.010911051571175813,34940
江苏省-徐州市,2.3711577156357695,0.2348530464973807,752060
江苏省-无锡市,2.668158331681724,0.02940425346141713,94160
江苏省-宿迁市,2.538368321831027,0.0412896175941862,132220
江苏省-连云港市,2.2443007666795824,0.0829539707889852,265640
江苏省-盐城市,2.265242274717393,0.06778967015085419,217080
江苏省-南通市,2.351593723348755,0.013153219581509022,42120
江苏省-南京市,2.94373841466068,0.034531885596468845,110580
江苏省-镇江市,1.867633890971212,0.00997421256964383,31940
江苏省-淮安市,2.4425216615604075,0.04091488199357341,131020
江苏省-扬州市,2.1266144718101816,0.012516169060467274,40080
江苏省-苏州市,3.551428065028507,0.02965407719515899,94960
江苏省-常州市,7.447385636589742,89.03250628571021,289815160
江苏省-盐城市,2.327581964605287,0.08796492167576832,286340
江苏省-淮安市,2.2046784430442976,0.048347836045723326,157380
江苏省-南京市,2.862841264597132,0.0361641076331335,117720
江苏省-扬州市,2.2109736165067546,0.01347398709470978,43860
江苏省-苏州市,2.7489400470054295,0.021326132788754056,69420
江苏省-徐州市,2.39375089449213,0.21442256070144852,697980
江苏省-宿迁市,2.0951517773976103,0.02636428573798434,85820
江苏省-无锡市,2.8640286646436226,0.03908254989030958,127220
江苏省-连云港市,2.250249828329779,0.06200000172034491,201820
江苏省-南通市,2.019973094021975,0.014923992089854106,48580
江苏省-泰州市,2.103909910282364,0.010272916745259805,33440
江苏省-镇江市,1.584962500721156,0.0021688634037540138,7060
江苏省-徐州市,2.281739534066549,0.23404080786719714,762920
江苏省-常州市,7.352196852122501,89.17221055917568,290681200
江苏省-南通市,2.8845227801732816,0.02656012838192986,86580
江苏省-淮安市,2.2452610242877786,0.05295460107748594,172620
江苏省-连云港市,2.3604627448751665,0.06298597319678724,205320
江苏省-盐城市,2.399857420782202,0.0645382283320675,210380
江苏省-泰州市,2.321127473337187,0.016958233968042073,55280
江苏省-苏州市,2.855953642864355,0.0172220559870818,56140
江苏省-无锡市,2.800463736180873,0.03927266846216979,128020
江苏省-南京市,3.1871639183439067,0.030971477956105782,100960
江苏省-宿迁市,2.3655253669576157,0.03289185683888334,107220
江苏省-扬州市,2.4130884364257574,0.016381506763629643,53400
江苏省-镇江市,1.8910611120726526,0.007429964303653744,24220
江苏省-常州市,7.3772105549712235,90.83875525119657,318144300
江苏省-徐州市,2.025034523902824,0.17243540453593742,603920
江苏省-淮安市,2.2193181794863808,0.048179808851162534,168740
江苏省-宿迁市,2.0688308969982323,0.0344002807300466,120480
江苏省-盐城市,1.996897196935808,0.07252954275436949,254020
江苏省-镇江市,1.9182958340544896,0.0044313774645611155,15520
江苏省-南京市,3.0196652575813885,0.05163468432288867,180840
江苏省-无锡市,2.421060145391142,0.03546815133039831,124220
江苏省-连云港市,2.1871076581610907,0.05056681372253695,177100
江苏省-苏州市,2.8402655651949273,0.024155575612233915,84600
江苏省-泰州市,1.561278124459133,0.005276537084090812,18480
江苏省-南通市,2.114805144339332,0.015304241759051275,53600
江苏省-扬州市,2.1219280948873624,0.0078177264806497,27380
江苏省-常州市,7.421640045394478,91.07297098996824,311507520
江苏省-盐城市,2.039839130754414,0.043222802554355365,147840
江苏省-徐州市,1.9168343878389782,0.1934208719826192,661580
江苏省-连云港市,1.9839654825625428,0.06188719456646336,211680
江苏省-宿迁市,1.9184923661461766,0.02987939949306763,102200
江苏省-南通市,2.1194140305639055,0.0182726268915531,62500
江苏省-淮安市,1.9226344027806583,0.03101961141110054,106100
江苏省-南京市,2.5362376705219405,0.03224753193821291,110300
江苏省-泰州市,1.9210556987026668,0.013875501956369761,47460
江苏省-无锡市,2.0915053365338894,0.020710926223961944,70840
江苏省-扬州市,2.550340709546388,0.009297112562422218,31800
江苏省-苏州市,2.0048861640918427,0.008917041923077913,30500
江苏省-镇江市,0,0.0020874648960910263,7140
江苏省-常州市,7.4153835285769,91.56504187517213,328220240
江苏省-淮安市,2.358065260419639,0.03362757320399634,120540
江苏省-连云港市,2.200710811829592,0.06608903344969913,236900
江苏省-盐城市,2.0614462427339886,0.05200640614475691,186420
江苏省-徐州市,2.144583364872258,0.18462525258341445,661800
江苏省-无锡市,1.736006946447656,0.01931618689766639,69240
江苏省-泰州市,1.6258145836939115,0.009529765228542517,34160
江苏省-南通市,1.8910611120726526,0.013513519545392257,48440
江苏省-南京市,2.3364739837796855,0.031094485725215133,111460
江苏省-宿迁市,1.9329931420869775,0.02133038200744616,76460
江苏省-扬州市,1.5329145639793977,0.010377847380028737,37200
江苏省-镇江市,1.584962500721156,0.0024270772098454302,8700
江苏省-苏州市,2.550340709546388,0.014283488867136325,51200
江苏省-常州市,7.366808234901901,91.36000328453353,327551960
江苏省-徐州市,2.0098697490102344,0.15304765998740855,548720
江苏省-连云港市,2.1080231220002137,0.060067692183423796,215360
江苏省-盐城市,2.025055059672201,0.06359878887288398,228020
江苏省-淮安市,2.233382947770185,0.0521296975718885,186900
