1,116.179.37.***,209
2,123.169.20.***,176
3,124.239.12.***,163
4,106.8.139.***,142
5,106.8.136.***,126
6,180.251.22.***,95
7,180.251.20.***,94
8,182.51.124.***,94
9,106.8.137.***,92
10,106.11.63.***,83
11,140.75.184.***,80
12,116.132.252.***,68
13,116.179.32.***,66
14,120.229.253.***,62
15,106.8.138.***,56
16,36.129.80.***,55
17,116.132.254.***,55
18,120.230.6.***,54
19,116.132.236.***,54
20,120.230.1.***,53
21,116.132.138.***,52
22,120.239.15.***,51
23,110.53.234.***,51
24,180.241.27.***,50
25,120.230.0.***,49
26,120.239.12.***,48
27,123.246.201.***,47
28,112.103.143.***,45
29,61.157.144.***,45
30,114.246.35.***,44
31,112.46.213.***,44
32,112.46.214.***,44
33,123.182.50.***,44
34,37.77.49.***,43
35,112.86.225.***,43
36,59.18.40.***,42
37,112.102.36.***,41
38,114.246.34.***,41
39,112.102.204.***,40
40,106.8.131.***,39
41,112.46.212.***,39
42,220.181.108.***,37
43,175.18.157.***,37
44,119.243.47.***,36
45,42.249.194.***,36
46,112.102.37.***,36
47,117.161.5.***,35
48,120.238.216.***,34
49,175.18.158.***,34
50,175.18.159.***,34
51,117.161.57.***,34
52,123.183.235.***,33
53,123.182.49.***,33
54,123.182.51.***,33
55,120.208.121.***,33
56,120.231.77.***,33
57,61.220.9.***,32
58,84.47.208.***,32
59,117.161.56.***,32
60,119.96.53.***,32
61,123.182.48.***,32
62,157.42.20.***,31
63,101.26.28.***,31
64,120.238.220.***,31
65,157.42.23.***,31
66,175.18.187.***,31
67,120.239.11.***,31
68,59.82.55.***,31
69,36.143.54.***,31
70,119.244.80.***,31
71,117.161.58.***,31
72,183.134.206.***,30
73,183.200.12.***,30
74,183.134.202.***,29
75,117.161.55.***,29
76,101.96.147.***,29
77,118.98.115.***,29
78,180.150.36.***,29
79,120.238.217.***,29
80,27.34.64.***,29
81,122.97.138.***,29
82,42.238.55.***,29
83,36.143.10.***,28
84,117.161.6.***,28
85,120.238.230.***,28
86,223.73.143.***,28
87,61.220.10.***,28
88,122.97.136.***,28
89,61.163.252.***,28
90,114.247.113.***,28
91,120.228.176.***,27
92,124.239.96.***,27
93,157.42.21.***,27
94,61.220.8.***,27
95,59.82.21.***,27
96,120.230.16.***,27
97,157.42.22.***,27
98,120.231.82.***,27
99,175.18.156.***,27
100,117.32.216.***,26
101,180.241.233.***,26
102,188.0.179.***,26
103,169.224.9.***,26
104,27.34.65.***,26
105,112.54.3.***,26
106,82.129.23.***,26
107,114.255.249.***,25
108,172.253.236.***,25
109,124.239.103.***,25
110,124.88.154.***,25
111,120.238.219.***,25
112,42.237.237.***,25
113,120.238.218.***,25
114,123.180.235.***,25
115,116.132.255.***,25
116,121.200.4.***,25
117,46.100.87.***,25
118,183.212.238.***,24
119,112.36.9.***,24
120,220.191.222.***,24
121,122.97.212.***,24
122,106.112.40.***,24
123,49.35.193.***,24
124,120.228.177.***,24
125,183.198.7.***,24
126,122.97.137.***,24
127,123.180.193.***,24
128,101.71.37.***,24
129,120.239.17.***,24
130,49.42.35.***,24
131,172.253.6.***,24
132,124.239.58.***,23
133,42.237.239.***,23
134,123.180.218.***,23
135,27.34.66.***,23
136,123.180.238.***,23
137,59.82.81.***,23
138,157.49.104.***,23
139,124.239.53.***,23
140,106.118.238.***,23
141,122.96.31.***,23
142,183.197.151.***,23
143,124.239.101.***,23
144,49.43.88.***,23
145,111.203.200.***,23
146,120.208.110.***,23
147,36.148.90.***,23
148,175.18.188.***,23
149,39.154.15.***,23
150,61.220.11.***,23
151,120.238.235.***,23
152,169.224.12.***,22
153,106.8.183.***,22
154,36.155.121.***,22
155,180.250.120.***,22
156,120.239.166.***,22
157,39.154.12.***,22
158,124.239.52.***,22
159,111.202.167.***,22
160,157.49.107.***,22
161,39.154.8.***,22
162,42.238.52.***,22
163,39.151.94.***,22
164,124.239.100.***,22
165,45.156.114.***,22
166,120.238.234.***,22
167,124.239.61.***,22
168,120.235.102.***,21
169,49.35.195.***,21
170,39.148.95.***,21
171,124.239.59.***,21
172,114.10.42.***,21
173,39.151.93.***,21
174,39.154.11.***,21
175,111.48.114.***,21
176,116.136.216.***,21
177,120.238.232.***,21
178,157.49.106.***,21
179,112.32.187.***,21
180,111.205.14.***,21
181,223.73.184.***,21
182,106.112.175.***,21
183,36.143.48.***,21
184,188.0.169.***,21
185,120.225.106.***,21
186,123.180.232.***,21
187,49.35.194.***,21
188,151.234.200.***,21
189,116.136.217.***,20
190,223.91.24.***,20
191,169.224.2.***,20
192,39.68.150.***,20
193,111.48.134.***,20
194,172.253.5.***,20
195,118.98.99.***,20
196,223.91.89.***,20
197,121.200.5.***,20
198,39.154.10.***,20
199,123.246.200.***,20
200,39.184.0.***,20
201,112.51.132.***,20
202,120.230.4.***,20
203,212.39.89.***,20
204,106.9.200.***,20
205,2.182.1.***,20
206,183.198.130.***,20
207,42.249.196.***,20
208,106.8.176.***,20
209,120.216.217.***,20
210,112.38.42.***,20
211,39.184.53.***,20
212,60.215.138.***,20
213,112.32.172.***,20
214,47.82.61.***,20
215,112.32.116.***,19
216,123.180.233.***,19
217,61.220.1.***,19
218,91.106.33.***,19
219,120.230.5.***,19
220,175.153.169.***,19
221,120.242.182.***,19
222,89.248.163.***,19
223,180.250.121.***,19
224,119.244.81.***,19
225,223.90.122.***,19
226,112.21.227.***,19
227,36.148.91.***,19
228,185.147.102.***,19
229,222.85.40.***,19
230,39.184.57.***,19
231,39.184.59.***,19
232,120.238.231.***,19
233,44.242.180.***,19
234,116.136.218.***,19
235,212.5.158.***,19
236,183.196.152.***,19
237,111.14.250.***,19
238,183.198.232.***,19
239,112.38.105.***,19
240,120.238.233.***,19
241,58.243.97.***,19
242,183.197.251.***,19
243,151.234.202.***,18
244,124.239.98.***,18
245,157.38.133.***,18
246,114.247.184.***,18
247,124.239.102.***,18
248,117.133.133.***,18
249,116.132.218.***,18
250,27.34.73.***,18
251,113.177.128.***,18
252,106.118.197.***,18
253,20.171.207.***,18
254,36.143.50.***,18
255,115.70.62.***,18
256,42.237.236.***,18
257,106.112.61.***,18
258,183.198.79.***,18
259,112.21.248.***,18
260,123.180.217.***,18
261,106.112.170.***,18
262,112.38.121.***,18
263,39.146.1.***,18
264,39.152.202.***,18
265,2.179.8.***,18
266,120.225.105.***,18
267,120.235.103.***,18
268,106.118.219.***,18
269,169.224.1.***,18
270,61.152.197.***,18
271,36.143.9.***,18
272,123.182.82.***,18
273,36.148.48.***,17
274,106.9.192.***,17
275,106.112.168.***,17
276,120.230.2.***,17
277,5.62.145.***,17
278,101.71.39.***,17
279,36.143.13.***,17
280,123.180.220.***,17
281,61.220.5.***,17
282,35.72.37.***,17
283,169.224.4.***,17
284,106.112.56.***,17
285,124.88.234.***,17
286,111.16.57.***,17
287,183.197.52.***,17
288,106.112.169.***,17
289,112.21.149.***,17
290,59.18.42.***,17
291,59.82.96.***,17
292,183.199.217.***,17
293,112.32.240.***,17
294,60.217.48.***,17
295,106.8.188.***,17
296,123.180.223.***,17
297,223.109.252.***,17
298,106.8.177.***,17
299,80.191.201.***,17
300,157.39.65.***,17
301,183.197.239.***,17
302,120.228.34.***,17
303,202.100.240.***,17
304,39.154.14.***,17
305,124.239.60.***,17
306,123.180.225.***,17
307,84.47.254.***,17
308,122.96.48.***,17
309,49.43.90.***,17
310,106.118.239.***,17
311,119.242.105.***,17
312,112.38.120.***,17
313,123.170.81.***,17
314,157.38.150.***,17
315,223.74.68.***,17
316,176.118.197.***,17
317,49.35.192.***,17
318,27.186.155.***,17
319,217.66.152.***,17
320,112.37.2.***,17
321,125.197.61.***,16
322,27.197.47.***,16
323,101.254.96.***,16
324,112.7.137.***,16
325,39.149.95.***,16
326,157.41.245.***,16
327,36.153.55.***,16
328,183.199.123.***,16
329,183.197.234.***,16
330,74.125.179.***,16
331,223.104.55.***,16
332,27.34.67.***,16
333,39.184.104.***,16
334,114.255.222.***,16
335,157.38.1.***,16
336,223.113.157.***,16
337,111.42.93.***,16
338,61.152.193.***,16
339,112.29.110.***,16
340,42.238.53.***,16
341,169.224.5.***,16
342,117.20.68.***,16
343,49.42.36.***,16
344,121.229.156.***,16
345,157.41.241.***,16
346,183.197.86.***,16
347,217.66.159.***,16
348,185.194.8.***,16
349,120.235.101.***,16
350,61.220.0.***,16
351,223.89.2.***,16
352,120.219.193.***,16
353,111.53.207.***,16
354,3.112.96.***,16
355,112.32.238.***,16
356,61.220.2.***,16
357,188.0.175.***,16
358,157.38.131.***,16
359,124.239.117.***,16
360,40.77.188.***,16
361,36.143.55.***,16
362,123.180.216.***,16
363,116.255.16.***,16
364,27.198.242.***,16
365,172.253.237.***,16
366,106.118.221.***,16
367,116.255.53.***,16
368,117.163.56.***,16
369,117.147.73.***,16
370,183.197.65.***,16
371,106.9.204.***,16
372,49.42.33.***,16
373,120.242.143.***,15
374,125.197.67.***,15
375,106.8.130.***,15
376,223.91.20.***,15
377,124.88.153.***,15
378,112.7.105.***,15
379,106.8.172.***,15
380,36.143.180.***,15
381,157.50.66.***,15
382,122.194.9.***,15
383,27.34.68.***,15
384,39.184.50.***,15
385,123.180.221.***,15
386,169.224.8.***,15
387,169.224.11.***,15
388,159.196.12.***,15
389,106.9.206.***,15
390,120.230.107.***,15
391,223.74.139.***,15
392,139.210.14.***,15
393,83.171.207.***,15
394,106.118.210.***,15
395,119.186.183.***,15
396,120.242.181.***,15
397,172.253.4.***,15
398,223.109.255.***,15
399,101.207.227.***,15
400,120.235.8.***,15
401,172.217.43.***,15
402,185.145.125.***,15
403,106.112.44.***,15
404,218.24.70.***,15
405,157.50.69.***,15
406,122.96.50.***,15
407,106.118.196.***,15
408,183.197.250.***,15
409,39.184.105.***,15
410,124.88.236.***,15
411,42.237.238.***,15
412,183.199.229.***,15
413,123.180.237.***,15
414,31.173.84.***,15
415,106.8.163.***,15
416,157.49.105.***,15
417,157.38.5.***,15
418,182.90.222.***,15
419,112.32.243.***,15
420,183.199.121.***,15
421,112.48.92.***,15
422,211.138.19.***,15
423,153.101.175.***,15
424,27.47.96.***,15
425,39.146.5.***,15
426,106.118.218.***,15
427,123.180.234.***,15
428,172.253.1.***,15
429,183.197.63.***,15
430,61.220.3.***,15
431,183.199.118.***,15
432,157.39.64.***,15
433,180.150.37.***,15
434,85.140.5.***,15
435,169.224.10.***,15
436,122.97.209.***,15
437,217.66.154.***,15
438,180.250.244.***,15
439,112.234.85.***,15
440,85.185.34.***,14
441,83.171.206.***,14
442,171.116.60.***,14
443,39.184.58.***,14
444,123.180.224.***,14
445,157.39.67.***,14
446,176.15.173.***,14
447,157.38.129.***,14
448,42.249.195.***,14
449,106.112.43.***,14
450,106.112.167.***,14
451,171.116.105.***,14
452,112.37.1.***,14
453,106.118.248.***,14
454,185.158.22.***,14
455,120.225.116.***,14
456,36.159.128.***,14
457,169.224.13.***,14
458,183.197.210.***,14
459,106.118.206.***,14
460,39.154.7.***,14
461,183.197.219.***,14
462,157.35.24.***,14
463,112.32.254.***,14
464,106.8.168.***,14
465,49.43.91.***,14
466,169.224.3.***,14
467,27.197.42.***,14
468,217.218.145.***,14
469,95.153.163.***,14
470,110.252.25.***,14
471,118.98.101.***,14
472,120.207.185.***,14
473,39.149.94.***,14
474,27.197.46.***,14
475,213.87.86.***,14
476,86.120.48.***,14
477,123.180.239.***,14
478,111.14.246.***,14
479,124.239.40.***,14
480,39.184.52.***,14
481,106.118.217.***,14
482,112.48.88.***,14
483,111.36.189.***,14
484,183.197.148.***,14
485,112.17.46.***,14
486,49.43.89.***,14
487,106.112.59.***,14
488,157.35.40.***,14
489,120.230.8.***,14
490,103.189.201.***,14
491,111.56.79.***,14
492,183.197.64.***,14
493,183.198.253.***,14
494,91.106.42.***,14
495,123.182.83.***,14
496,36.129.58.***,14
497,39.148.122.***,14
498,95.153.161.***,14
499,85.140.163.***,14
500,171.116.107.***,14
501,52.167.144.***,14
502,124.239.107.***,14
503,219.156.248.***,14
504,110.233.169.***,14
505,116.178.53.***,14
506,112.36.11.***,14
507,160.250.255.***,14
508,27.186.145.***,14
509,59.82.135.***,14
510,36.157.180.***,14
511,119.251.162.***,14
512,120.225.123.***,14
513,120.225.191.***,14
514,221.0.66.***,14
515,111.34.2.***,14
516,125.197.63.***,14
517,181.115.171.***,14
518,157.38.3.***,14
519,39.154.18.***,13
520,183.199.228.***,13
521,221.180.135.***,13
522,217.142.22.***,13
523,36.157.243.***,13
524,111.34.185.***,13
525,39.144.224.***,13
526,91.106.56.***,13
527,27.186.156.***,13
528,125.196.69.***,13
529,119.240.14.***,13
530,183.197.88.***,13
531,27.186.158.***,13
532,3.239.154.***,13
533,103.51.113.***,13
534,112.234.86.***,13
535,106.118.204.***,13
536,120.219.80.***,13
537,124.88.239.***,13
538,178.176.69.***,13
539,120.228.219.***,13
540,157.49.97.***,13
541,110.233.165.***,13
542,39.154.135.***,13
543,112.9.212.***,13
544,116.132.136.***,13
545,3.228.181.***,13
546,112.37.102.***,13
547,223.104.43.***,13
548,36.143.61.***,13
549,39.152.203.***,13
550,183.198.6.***,13
551,39.151.50.***,13
552,118.98.92.***,13
553,157.41.243.***,13
554,217.142.21.***,13
555,27.189.8.***,13
556,112.234.84.***,13
557,123.180.192.***,13
558,119.181.123.***,13
559,106.8.187.***,13
560,106.9.209.***,13
561,217.218.144.***,13
562,171.116.104.***,13
563,14.23.29.***,13
564,119.251.188.***,13
565,123.182.111.***,13
566,183.199.230.***,13
567,27.219.247.***,13
568,223.74.124.***,13
569,106.118.208.***,13
570,183.197.105.***,13
571,80.83.239.***,13
572,85.140.161.***,13
573,27.187.136.***,13
574,124.88.5.***,13
575,183.199.120.***,13
576,106.118.220.***,13
577,183.202.140.***,13
578,112.252.121.***,13
579,172.217.34.***,13
580,221.179.155.***,13
581,36.143.73.***,13
582,116.132.219.***,13
583,124.135.20.***,13
584,189.34.144.***,13
585,39.154.6.***,13
586,85.140.0.***,13
587,180.150.38.***,13
588,123.160.221.***,13
589,123.246.202.***,13
590,182.90.223.***,13
591,36.163.150.***,13
592,151.236.162.***,13
593,116.178.104.***,13
594,120.227.207.***,13
595,27.197.45.***,13
596,157.39.69.***,13
597,112.37.0.***,13
598,110.44.115.***,13
599,103.171.163.***,13
600,121.16.9.***,13
601,27.47.95.***,13
602,106.8.182.***,13
603,61.179.177.***,13
604,42.249.193.***,13
605,183.240.211.***,13
606,119.241.29.***,13
607,27.34.69.***,13
608,61.152.201.***,13
609,124.88.78.***,13
610,223.72.130.***,13
611,36.159.129.***,13
612,223.88.60.***,13
613,112.32.249.***,13
614,36.159.136.***,13
615,183.199.133.***,13
616,39.184.107.***,13
617,39.146.177.***,12
618,5.62.139.***,12
619,218.207.145.***,12
620,123.180.27.***,12
621,106.9.202.***,12
622,106.112.60.***,12
623,112.9.222.***,12
624,116.132.217.***,12
625,120.243.197.***,12
626,172.16.11.***,12
627,223.64.204.***,12
628,188.170.72.***,12
629,120.11.27.***,12
630,183.198.207.***,12
631,221.215.144.***,12
632,40.77.202.***,12
633,119.181.122.***,12
634,117.170.253.***,12
635,112.3.189.***,12
636,221.0.167.***,12
637,120.225.56.***,12
638,169.149.225.***,12
639,222.132.202.***,12
640,212.58.121.***,12
641,223.90.115.***,12
642,35.80.40.***,12
643,106.118.202.***,12
644,39.149.14.***,12
645,124.88.212.***,12
646,111.16.35.***,12
647,202.102.227.***,12
648,178.178.210.***,12
649,120.239.14.***,12
650,27.205.174.***,12
651,106.8.180.***,12
652,120.216.249.***,12
653,112.9.223.***,12
654,171.116.106.***,12
655,111.16.143.***,12
656,157.38.135.***,12
657,185.156.73.***,12
658,180.108.0.***,12
659,39.149.145.***,12
660,106.8.189.***,12
661,106.8.162.***,12
662,111.52.17.***,12
663,112.234.82.***,12
664,121.27.240.***,12
665,123.131.152.***,12
666,119.177.234.***,12
667,117.188.127.***,12
668,106.112.45.***,12
669,119.243.227.***,12
670,39.162.245.***,12
671,74.125.74.***,12
672,112.3.50.***,12
673,111.16.139.***,12
674,60.217.19.***,12
675,106.112.171.***,12
676,223.90.87.***,12
677,124.239.119.***,12
678,157.38.128.***,12
679,36.161.120.***,12
680,183.199.23.***,12
681,111.43.58.***,12
682,120.221.100.***,12
683,183.185.143.***,12
684,42.249.197.***,12
685,183.199.177.***,12
686,223.101.241.***,12
687,84.47.253.***,12
688,152.255.15.***,12
689,39.148.238.***,12
690,120.242.180.***,12
691,106.8.173.***,12
692,217.218.49.***,12
693,112.36.2.***,12
694,183.198.15.***,12
695,92.63.197.***,12
696,120.243.39.***,12
697,183.197.253.***,12
698,120.219.115.***,12
699,42.249.198.***,12
700,112.7.108.***,12
701,36.148.63.***,12
702,120.225.80.***,12
703,120.225.111.***,12
704,172.253.211.***,12
705,178.255.168.***,12
706,106.8.184.***,12
707,115.62.90.***,12
708,124.135.186.***,12
709,120.243.40.***,12
710,182.90.221.***,12
711,222.85.41.***,12
712,112.36.0.***,12
713,106.112.57.***,12
714,123.180.199.***,12
715,1.196.166.***,12
716,123.53.255.***,12
717,36.143.47.***,12
718,112.36.8.***,12
719,39.72.195.***,12
720,125.194.214.***,12
721,117.170.254.***,12
722,120.228.178.***,12
723,112.38.184.***,12
724,111.34.1.***,12
725,123.180.230.***,12
726,123.133.69.***,12
727,183.197.101.***,12
728,202.51.89.***,12
729,31.173.85.***,12
730,112.49.148.***,12
731,125.197.65.***,12
732,106.118.193.***,12
733,157.49.99.***,12
734,124.152.1.***,12
735,111.16.103.***,12
736,112.7.98.***,12
737,157.38.132.***,12
738,169.224.0.***,12
739,157.39.70.***,12
740,183.210.15.***,12
741,40.77.190.***,12
742,111.14.9.***,12
743,182.47.216.***,12
744,103.167.233.***,12
745,49.36.144.***,12
746,183.197.58.***,12
747,49.42.37.***,12
748,172.16.100.***,12
749,157.38.130.***,12
750,182.32.237.***,12
751,223.68.37.***,12
752,183.197.24.***,11
753,120.242.149.***,11
754,120.228.36.***,11
755,59.51.227.***,11
756,223.78.254.***,11
757,120.235.156.***,11
758,118.184.176.***,11
759,183.199.63.***,11
760,111.16.32.***,11
761,223.64.205.***,11
762,112.236.114.***,11
763,120.221.12.***,11
764,112.37.60.***,11
765,123.180.229.***,11
766,157.38.2.***,11
767,123.9.166.***,11
768,85.140.1.***,11
769,112.38.48.***,11
770,183.199.122.***,11
771,183.197.157.***,11
772,183.198.156.***,11
773,124.237.16.***,11
774,114.138.222.***,11
775,112.38.106.***,11
776,34.153.64.***,11
777,123.234.65.***,11
778,39.154.198.***,11
779,123.121.243.***,11
780,112.38.40.***,11
781,112.8.170.***,11
782,223.89.7.***,11
783,111.14.248.***,11
784,27.209.105.***,11
785,178.176.80.***,11
786,39.184.106.***,11
787,60.211.152.***,11
788,49.47.8.***,11
789,110.252.19.***,11
790,112.0.139.***,11
791,119.251.182.***,11
792,112.7.103.***,11
793,120.11.188.***,11
794,106.112.20.***,11
795,157.35.25.***,11
796,183.197.30.***,11
797,112.38.96.***,11
798,119.251.181.***,11
799,120.230.13.***,11
800,59.44.243.***,11
801,27.186.124.***,11
802,106.115.36.***,11
803,120.225.97.***,11
804,39.83.154.***,11
805,117.128.79.***,11
806,5.141.102.***,11
807,183.199.206.***,11
808,106.118.241.***,11
809,112.49.151.***,11
810,112.239.29.***,11
811,119.251.171.***,11
812,27.186.147.***,11
813,120.14.201.***,11
814,175.23.101.***,11
815,27.186.144.***,11
816,122.97.215.***,11
817,112.32.173.***,11
818,197.250.130.***,11
819,121.16.180.***,11
820,171.116.62.***,11
821,223.88.74.***,11
822,39.148.7.***,11
823,182.32.235.***,11
824,223.88.35.***,11
825,124.135.137.***,11
826,178.178.208.***,11
827,106.8.175.***,11
828,120.231.133.***,11
829,27.189.199.***,11
830,124.239.118.***,11
831,112.38.128.***,11
832,112.32.230.***,11
833,120.219.65.***,11
834,124.239.43.***,11
835,124.237.19.***,11
836,183.198.227.***,11
837,157.38.151.***,11
838,160.250.254.***,11
839,112.37.159.***,11
840,111.17.112.***,11
841,106.118.223.***,11
842,157.46.0.***,11
843,123.55.55.***,11
844,222.135.127.***,11
845,36.143.40.***,11
846,103.18.34.***,11
847,27.186.24.***,11
848,120.14.194.***,11
849,47.9.33.***,11
850,120.225.51.***,11
851,39.66.242.***,11
852,39.191.209.***,11
853,176.15.179.***,11
854,106.118.211.***,11
855,112.10.234.***,11
856,103.224.52.***,11
857,157.39.68.***,11
858,183.199.202.***,11
859,183.206.131.***,11
860,120.14.148.***,11
861,47.246.164.***,11
862,39.66.223.***,11
863,42.236.17.***,11
864,123.9.174.***,11
865,223.91.94.***,11
866,112.37.56.***,11
867,123.180.236.***,11
868,85.140.7.***,11
869,185.147.100.***,11
870,106.8.170.***,11
871,124.88.6.***,11
872,5.239.173.***,11
873,183.207.96.***,11
874,112.10.235.***,11
875,112.38.124.***,11
876,82.78.75.***,11
877,59.51.226.***,11
878,122.143.60.***,11
879,223.73.193.***,11
880,183.198.14.***,11
881,95.153.160.***,11
882,188.170.77.***,11
883,112.21.238.***,11
884,36.148.49.***,11
885,27.188.163.***,11
886,112.239.30.***,11
887,112.9.210.***,11
888,185.210.143.***,11
889,157.35.26.***,11
890,202.102.224.***,11
891,120.242.191.***,11
892,172.16.101.***,11
893,223.91.39.***,11
894,27.187.88.***,11
895,217.218.34.***,11
896,201.158.42.***,11
897,124.238.136.***,11
898,111.14.10.***,11
899,112.36.10.***,11
900,112.32.186.***,11
901,27.218.34.***,11
902,190.55.253.***,11
903,110.252.18.***,11
904,111.52.10.***,11
905,183.198.220.***,11
906,185.75.206.***,11
907,183.197.28.***,11
908,112.32.251.***,11
909,194.34.99.***,11
910,223.74.216.***,11
911,157.49.98.***,11
912,119.242.107.***,11
913,120.216.235.***,11
914,111.16.102.***,11
915,36.159.155.***,11
916,123.55.62.***,11
917,112.38.59.***,11
918,13.230.21.***,11
919,182.46.223.***,11
920,120.83.109.***,11
921,111.16.138.***,11
922,94.25.175.***,11
923,183.197.235.***,11
924,168.232.162.***,11
925,116.149.145.***,11
926,27.189.12.***,11
927,120.229.250.***,11
928,183.208.183.***,11
929,183.198.61.***,10
930,106.118.254.***,10
931,188.170.79.***,10
932,183.198.170.***,10
933,74.125.181.***,10
934,183.199.168.***,10
935,200.176.1.***,10
936,172.217.44.***,10
937,39.162.173.***,10
938,124.238.123.***,10
939,39.163.28.***,10
940,120.210.253.***,10
941,101.18.1.***,10
942,27.221.252.***,10
943,36.142.145.***,10
944,223.89.9.***,10
945,123.234.176.***,10
946,188.170.73.***,10
947,119.242.71.***,10
948,223.90.190.***,10
949,106.118.209.***,10
950,177.37.145.***,10
951,120.227.206.***,10
952,36.159.175.***,10
953,121.27.82.***,10
954,112.21.247.***,10
955,95.153.178.***,10
956,193.176.83.***,10
957,223.89.17.***,10
958,112.38.123.***,10
959,120.225.58.***,10
960,183.197.129.***,10
961,112.8.54.***,10
962,223.74.40.***,10
963,120.243.25.***,10
964,49.42.32.***,10
965,27.213.52.***,10
966,77.222.97.***,10
967,39.146.178.***,10
968,27.227.85.***,10
969,112.242.202.***,10
970,39.146.7.***,10
971,183.246.14.***,10
972,42.238.54.***,10
973,49.43.160.***,10
974,120.219.74.***,10
975,106.112.17.***,10
976,117.71.200.***,10
977,177.35.193.***,10
978,171.11.20.***,10
979,112.8.36.***,10
980,27.187.129.***,10
981,89.39.81.***,10
982,152.59.179.***,10
983,112.49.149.***,10
984,117.147.12.***,10
985,157.50.67.***,10
986,116.178.98.***,10
987,36.159.137.***,10
988,183.197.228.***,10
989,143.105.135.***,10
990,39.146.238.***,10
991,36.143.170.***,10
992,112.9.7.***,10
993,119.242.74.***,10
994,157.38.134.***,10
995,27.188.160.***,10
996,157.39.66.***,10
997,112.38.122.***,10
998,223.73.64.***,10
999,106.112.201.***,10
1000,111.124.235.***,10
1001,110.244.188.***,10
1002,219.155.177.***,10
1003,61.129.101.***,10
1004,27.218.2.***,10
1005,106.8.169.***,10
1006,116.178.171.***,10
1007,223.89.223.***,10
1008,124.239.97.***,10
1009,38.134.139.***,10
1010,120.219.73.***,10
1011,27.187.188.***,10
1012,27.197.44.***,10
1013,106.9.208.***,10
1014,112.3.172.***,10
1015,39.149.84.***,10
1016,116.136.213.***,10
1017,112.244.242.***,10
1018,178.178.246.***,10
1019,119.241.30.***,10
1020,123.180.25.***,10
1021,124.88.232.***,10
1022,120.202.250.***,10
1023,169.224.25.***,10
1024,188.72.40.***,10
1025,112.38.127.***,10
1026,123.233.44.***,10
1027,112.9.206.***,10
1028,120.225.85.***,10
1029,5.180.243.***,10
1030,112.38.100.***,10
1031,106.118.245.***,10
1032,39.128.12.***,10
1033,223.98.221.***,10
1034,39.152.175.***,10
1035,40.77.167.***,10
1036,120.242.150.***,10
1037,120.210.248.***,10
1038,39.154.17.***,10
1039,223.66.39.***,10
1040,111.41.175.***,10
1041,39.66.222.***,10
1042,119.186.182.***,10
1043,31.46.112.***,10
1044,106.118.246.***,10
1045,101.75.197.***,10
1046,157.51.195.***,10
1047,39.149.146.***,10
1048,169.149.224.***,10
1049,171.116.61.***,10
1050,183.199.169.***,10
1051,193.233.121.***,10
1052,120.230.236.***,10
1053,120.229.155.***,10
1054,23.220.206.***,10
1055,36.143.222.***,10
1056,49.36.215.***,10
1057,101.31.129.***,10
1058,111.17.157.***,10
1059,39.72.194.***,10
1060,111.16.62.***,10
1061,124.239.55.***,10
1062,183.198.166.***,10
1063,113.199.229.***,10
1064,120.230.17.***,10
1065,171.127.13.***,10
1066,120.11.209.***,10
1067,183.198.208.***,10
1068,172.253.12.***,10
1069,124.238.143.***,10
1070,183.197.74.***,10
1071,117.179.200.***,10
1072,123.183.37.***,10
1073,125.164.16.***,10
1074,217.218.38.***,10
1075,183.213.172.***,10
1076,119.240.186.***,10
1077,61.159.34.***,10
1078,85.140.2.***,10
1079,37.205.112.***,10
1080,49.79.147.***,10
1081,106.115.61.***,10
1082,178.217.155.***,10
1083,112.51.133.***,10
1084,112.37.153.***,10
1085,144.255.138.***,10
1086,125.253.110.***,10
1087,39.184.51.***,10
1088,36.159.134.***,10
1089,119.240.243.***,10
1090,31.173.80.***,10
1091,103.191.131.***,10
1092,120.243.34.***,10
1093,157.42.29.***,10
1094,168.126.219.***,10
1095,60.215.6.***,10
1096,36.161.191.***,10
1097,112.236.115.***,10
1098,120.239.8.***,10
1099,157.39.71.***,10
1100,144.0.136.***,10
1101,2.182.2.***,10
1102,185.9.78.***,10
1103,47.239.136.***,10
1104,149.19.164.***,10
1105,112.36.3.***,10
1106,94.25.170.***,10
1107,182.32.164.***,10
1108,86.126.173.***,10
1109,119.244.83.***,10
1110,112.244.243.***,10
1111,119.186.179.***,10
1112,180.244.167.***,10
1113,36.143.42.***,10
1114,186.84.88.***,10
1115,84.47.209.***,10
1116,27.189.246.***,10
1117,27.186.157.***,10
1118,36.158.14.***,10
1119,112.38.77.***,10
1120,217.66.156.***,10
1121,112.23.70.***,10
1122,120.242.183.***,10
1123,223.101.209.***,10
1124,152.56.69.***,10
1125,139.214.71.***,10
1126,120.211.188.***,10
1127,121.27.88.***,10
1128,123.182.199.***,10
1129,183.198.26.***,10
1130,116.136.214.***,10
1131,123.181.102.***,10
1132,123.180.18.***,10
1133,183.197.236.***,10
1134,183.211.107.***,10
1135,183.199.179.***,10
1136,121.27.119.***,10
1137,157.41.242.***,10
1138,152.58.107.***,10
1139,39.154.5.***,10
1140,112.24.54.***,10
1141,217.66.157.***,10
1142,124.239.42.***,10
1143,125.193.230.***,10
1144,222.132.200.***,10
1145,223.89.1.***,10
1146,178.178.211.***,10
1147,183.203.37.***,10
1148,27.189.80.***,10
1149,120.14.175.***,10
1150,157.49.213.***,10
1151,39.148.58.***,10
1152,27.186.25.***,10
1153,117.189.241.***,10
1154,193.233.122.***,10
1155,152.58.78.***,10
1156,103.125.43.***,10
1157,27.218.1.***,10
1158,120.225.173.***,10
1159,223.66.32.***,10
1160,112.8.52.***,10
1161,27.186.146.***,10
1162,106.112.189.***,10
1163,60.217.49.***,10
1164,193.233.123.***,10
1165,91.106.43.***,10
1166,124.239.104.***,10
1167,123.180.195.***,10
1168,223.73.234.***,10
1169,27.188.168.***,10
1170,123.233.45.***,10
1171,112.0.12.***,10
1172,106.112.190.***,10
1173,120.225.108.***,10
1174,74.125.46.***,10
1175,106.117.153.***,10
1176,27.187.30.***,10
1177,94.25.171.***,10
1178,5.62.148.***,10
1179,212.252.73.***,10
1180,113.135.161.***,10
1181,218.26.157.***,10
1182,115.76.51.***,10
1183,119.251.207.***,10
1184,27.197.43.***,10
1185,157.48.122.***,10
1186,144.255.117.***,10
1187,223.11.241.***,10
1188,39.148.83.***,10
1189,42.228.196.***,10
1190,193.239.25.***,10
1191,106.118.250.***,10
1192,120.225.119.***,10
1193,112.49.147.***,10
1194,157.51.192.***,10
1195,120.229.241.***,10
1196,112.8.139.***,10
1197,223.91.26.***,10
1198,171.116.63.***,10
1199,183.198.226.***,10
1200,120.242.184.***,10
1201,223.97.215.***,10
1202,183.199.245.***,10
1203,123.180.61.***,10
1204,121.16.71.***,10
1205,112.242.132.***,10
1206,120.14.142.***,10
1207,183.202.115.***,10
